[2026-08-28T18:23:20.990Z] [INFO] MongoDB Connected successfully to: mongodb://127.0.0.1:27017/medikiosk
[2026-08-28T18:23:21.100Z] [INFO] Seeding database with realistic hospital staff, doctors, kiosks, and demo patient records...
[2026-08-28T18:23:21.813Z] [INFO] Created 4 demo accounts: admin@hospital.org, doctor@hospital.org, cardio@hospital.org, staff@hospital.org (Password: admin123 / doctor123 / staff123)
[2026-08-28T18:23:21.848Z] [INFO] Database seeding completed successfully.
[2026-08-28T18:23:21.852Z] [INFO] ==================================================
[2026-08-28T18:23:21.853Z] [INFO] MediKiosk Hospital Intake Server running on port 3000
[2026-08-28T18:23:21.854Z] [INFO] Kiosk URL:   http://localhost:3000/kiosk
[2026-08-28T18:23:21.856Z] [INFO] Staff Portal: http://localhost:3000/staff/dashboard
[2026-08-28T18:23:21.857Z] [INFO] Doctor Queue: http://localhost:3000/doctor/queue
[2026-08-28T18:23:21.858Z] [INFO] Admin Portal: http://localhost:3000/admin/dashboard
[2026-08-28T18:23:21.858Z] [INFO] ==================================================
[2026-08-28T18:23:41.715Z] [INFO] MongoDB Connected successfully to: mongodb://127.0.0.1:27017/medikiosk
[2026-08-28T18:23:41.795Z] [INFO] Database already contains records. Skipping initial seeding.
[2026-08-28T18:23:41.800Z] [INFO] ==================================================
[2026-08-28T18:23:41.802Z] [INFO] MediKiosk Hospital Intake Server running on port 3000
[2026-08-28T18:23:41.803Z] [INFO] Kiosk URL:   http://localhost:3000/kiosk
[2026-08-28T18:23:41.804Z] [INFO] Staff Portal: http://localhost:3000/staff/dashboard
[2026-08-28T18:23:41.806Z] [INFO] Doctor Queue: http://localhost:3000/doctor/queue
[2026-08-28T18:23:41.807Z] [INFO] Admin Portal: http://localhost:3000/admin/dashboard
[2026-08-28T18:23:41.808Z] [INFO] ==================================================
[2026-08-28T18:28:56.662Z] [INFO] MongoDB Connected successfully to: mongodb://127.0.0.1:27017/medikiosk
[2026-08-28T18:28:56.717Z] [INFO] Database already contains records. Skipping initial seeding.
[2026-08-28T18:28:57.181Z] [INFO] MongoDB Connected successfully to: mongodb://127.0.0.1:27017/medikiosk
[2026-08-28T18:28:57.255Z] [INFO] Database already contains records. Skipping initial seeding.
[2026-08-28T18:28:57.262Z] [INFO] ==================================================
[2026-08-28T18:28:57.270Z] [INFO] MediKiosk Hospital Intake Server running on port 3000
[2026-08-28T18:28:57.277Z] [INFO] Kiosk URL:   http://localhost:3000/kiosk
[2026-08-28T18:28:57.283Z] [INFO] Staff Portal: http://localhost:3000/staff/dashboard
[2026-08-28T18:28:57.301Z] [INFO] Doctor Queue: http://localhost:3000/doctor/queue
[2026-08-28T18:28:57.313Z] [INFO] Admin Portal: http://localhost:3000/admin/dashboard
[2026-08-28T18:28:57.336Z] [INFO] ==================================================
[2026-08-28T18:29:35.365Z] [INFO] MongoDB Connected successfully to: mongodb://127.0.0.1:27017/medikiosk
[2026-08-28T18:29:35.424Z] [INFO] Resetting users with clean single-hashed passwords...
[2026-08-28T18:29:35.839Z] [INFO] Created 4 verified user accounts: admin@hospital.org, doctor@hospital.org, cardio@hospital.org, staff@hospital.org
[2026-08-28T18:29:35.855Z] [INFO] Database seeding & user credentials verification complete.
[2026-08-28T18:29:35.861Z] [INFO] ==================================================
[2026-08-28T18:29:35.871Z] [INFO] MediKiosk Hospital Intake Server running on port 3000
[2026-08-28T18:29:35.882Z] [INFO] Kiosk URL:   http://localhost:3000/kiosk
[2026-08-28T18:29:35.895Z] [INFO] Staff Portal: http://localhost:3000/staff/dashboard
[2026-08-28T18:29:35.911Z] [INFO] Doctor Queue: http://localhost:3000/doctor/queue
[2026-08-28T18:29:35.917Z] [INFO] Admin Portal: http://localhost:3000/admin/dashboard
[2026-08-28T18:29:35.919Z] [INFO] ==================================================
[2026-08-28T18:29:41.977Z] [INFO] MongoDB Connected successfully to: mongodb://127.0.0.1:27017/medikiosk
[2026-08-28T18:29:42.026Z] [INFO] Resetting users with clean single-hashed passwords...
[2026-08-28T18:29:42.389Z] [INFO] Created 4 verified user accounts: admin@hospital.org, doctor@hospital.org, cardio@hospital.org, staff@hospital.org
[2026-08-28T18:29:42.396Z] [INFO] Database seeding & user credentials verification complete.
[2026-08-28T18:30:05.690Z] [INFO] MongoDB Connected successfully to: mongodb://127.0.0.1:27017/medikiosk
[2026-08-28T18:30:05.733Z] [INFO] Resetting users with clean single-hashed passwords...
[2026-08-28T18:30:06.117Z] [INFO] Created 4 verified user accounts: admin@hospital.org, doctor@hospital.org, cardio@hospital.org, staff@hospital.org
[2026-08-28T18:30:06.124Z] [INFO] Database seeding & user credentials verification complete.
[2026-08-28T18:30:06.127Z] [INFO] ==================================================
[2026-08-28T18:30:06.128Z] [INFO] MediKiosk Hospital Intake Server running on port 3000
[2026-08-28T18:30:06.129Z] [INFO] Kiosk URL:   http://localhost:3000/kiosk
[2026-08-28T18:30:06.129Z] [INFO] Staff Portal: http://localhost:3000/staff/dashboard
[2026-08-28T18:30:06.131Z] [INFO] Doctor Queue: http://localhost:3000/doctor/queue
[2026-08-28T18:30:06.132Z] [INFO] Admin Portal: http://localhost:3000/admin/dashboard
[2026-08-28T18:30:06.133Z] [INFO] ==================================================
[2026-08-28T18:30:16.296Z] [INFO] MongoDB Connected successfully to: mongodb://127.0.0.1:27017/medikiosk
[2026-08-28T18:30:16.332Z] [INFO] Resetting users with clean single-hashed passwords...
[2026-08-28T18:30:16.583Z] [INFO] MongoDB Connected successfully to: mongodb://127.0.0.1:27017/medikiosk
[2026-08-28T18:30:16.586Z] [INFO] Created 4 verified user accounts: admin@hospital.org, doctor@hospital.org, cardio@hospital.org, staff@hospital.org
[2026-08-28T18:30:16.593Z] [INFO] Database seeding & user credentials verification complete.
[2026-08-28T18:30:16.606Z] [INFO] Resetting users with clean single-hashed passwords...
[2026-08-28T18:30:16.969Z] [INFO] Created 4 verified user accounts: admin@hospital.org, doctor@hospital.org, cardio@hospital.org, staff@hospital.org
[2026-08-28T18:30:16.980Z] [INFO] Database seeding & user credentials verification complete.
[2026-08-28T18:30:16.985Z] [INFO] ==================================================
[2026-08-28T18:30:16.985Z] [INFO] MediKiosk Hospital Intake Server running on port 3000
[2026-08-28T18:30:16.986Z] [INFO] Kiosk URL:   http://localhost:3000/kiosk
[2026-08-28T18:30:16.986Z] [INFO] Staff Portal: http://localhost:3000/staff/dashboard
[2026-08-28T18:30:16.987Z] [INFO] Doctor Queue: http://localhost:3000/doctor/queue
[2026-08-28T18:30:16.987Z] [INFO] Admin Portal: http://localhost:3000/admin/dashboard
[2026-08-28T18:30:16.987Z] [INFO] ==================================================
[2026-08-28T18:30:30.566Z] [INFO] MongoDB Connected successfully to: mongodb://127.0.0.1:27017/medikiosk
[2026-08-28T18:30:40.704Z] [INFO] MongoDB Connected successfully to: mongodb://127.0.0.1:27017/medikiosk
[2026-08-28T18:30:40.743Z] [INFO] Resetting users with clean single-hashed passwords...
[2026-08-28T18:30:41.116Z] [INFO] Created 4 verified user accounts: admin@hospital.org, doctor@hospital.org, cardio@hospital.org, staff@hospital.org
[2026-08-28T18:30:41.128Z] [INFO] Database seeding & user credentials verification complete.
[2026-08-28T18:30:41.318Z] [INFO] MongoDB Connected successfully to: mongodb://127.0.0.1:27017/medikiosk
[2026-08-28T18:30:41.343Z] [INFO] Resetting users with clean single-hashed passwords...
[2026-08-28T18:30:41.351Z] [INFO] Processing OCR for document: test_rx.jpg (image/jpeg)
[2026-08-28T18:30:41.352Z] [INFO] Starting offline sync reconciliation for Kiosk KIOSK-01. Total items: 1
[2026-08-28T18:30:41.373Z] [INFO] Sync reconciliation complete for Kiosk KIOSK-01. Synced: 1, Failed: 0
[2026-08-28T18:30:41.790Z] [INFO] Created 4 verified user accounts: admin@hospital.org, doctor@hospital.org, cardio@hospital.org, staff@hospital.org
[2026-08-28T18:30:41.801Z] [INFO] Database seeding & user credentials verification complete.
[2026-08-28T18:30:41.805Z] [INFO] ==================================================
[2026-08-28T18:30:41.806Z] [INFO] MediKiosk Hospital Intake Server running on port 3000
[2026-08-28T18:30:41.807Z] [INFO] Kiosk URL:   http://localhost:3000/kiosk
[2026-08-28T18:30:41.808Z] [INFO] Staff Portal: http://localhost:3000/staff/dashboard
[2026-08-28T18:30:41.809Z] [INFO] Doctor Queue: http://localhost:3000/doctor/queue
[2026-08-28T18:30:41.809Z] [INFO] Admin Portal: http://localhost:3000/admin/dashboard
[2026-08-28T18:30:41.809Z] [INFO] ==================================================
[2026-08-28T18:30:53.909Z] [INFO] MongoDB Connected successfully to: mongodb://127.0.0.1:27017/medikiosk
[2026-08-28T18:30:53.955Z] [INFO] Resetting users with clean single-hashed passwords...
[2026-08-28T18:30:54.279Z] [INFO] Created 4 verified user accounts: admin@hospital.org, doctor@hospital.org, cardio@hospital.org, staff@hospital.org
[2026-08-28T18:30:54.286Z] [INFO] Database seeding & user credentials verification complete.
[2026-08-28T18:32:26.689Z] [INFO] MongoDB Connected successfully to: mongodb://127.0.0.1:27017/medikiosk
[2026-08-28T18:32:26.767Z] [INFO] Resetting users with clean single-hashed passwords...
[2026-08-28T18:32:27.317Z] [INFO] Created 4 verified user accounts: admin@hospital.org, doctor@hospital.org, cardio@hospital.org, staff@hospital.org
[2026-08-28T18:32:27.338Z] [INFO] Database seeding & user credentials verification complete.
[2026-08-28T18:32:27.346Z] [INFO] ==================================================
[2026-08-28T18:32:27.348Z] [INFO] MediKiosk Hospital Intake Server running on port 3000
[2026-08-28T18:32:27.349Z] [INFO] Kiosk URL:   http://localhost:3000/kiosk
[2026-08-28T18:32:27.350Z] [INFO] Staff Portal: http://localhost:3000/staff/dashboard
[2026-08-28T18:32:27.351Z] [INFO] Doctor Queue: http://localhost:3000/doctor/queue
[2026-08-28T18:32:27.352Z] [INFO] Admin Portal: http://localhost:3000/admin/dashboard
[2026-08-28T18:32:27.353Z] [INFO] ==================================================
[2026-08-28T18:37:08.926Z] [INFO] MongoDB Connected successfully to: mongodb://127.0.0.1:27017/medikiosk
[2026-08-28T18:37:08.981Z] [INFO] Resetting users with clean single-hashed passwords...
[2026-08-28T18:37:09.275Z] [INFO] Created 4 verified user accounts: admin@hospital.org, doctor@hospital.org, cardio@hospital.org, staff@hospital.org
[2026-08-28T18:37:09.281Z] [INFO] Database seeding & user credentials verification complete.
[2026-08-28T18:39:59.999Z] [INFO] MongoDB Connected successfully to: mongodb://127.0.0.1:27017/medikiosk
[2026-08-28T18:40:00.045Z] [INFO] Resetting users with clean single-hashed passwords...
[2026-08-28T18:40:00.315Z] [INFO] Created 4 verified user accounts: admin@hospital.org, doctor@hospital.org, cardio@hospital.org, staff@hospital.org
[2026-08-28T18:40:00.324Z] [INFO] Database seeding & user credentials verification complete.
[2026-08-28T18:40:00.328Z] [INFO] ==================================================
[2026-08-28T18:40:00.329Z] [INFO] MediKiosk Hospital Intake Server running on port 3000
[2026-08-28T18:40:00.329Z] [INFO] Kiosk URL:   http://localhost:3000/kiosk
[2026-08-28T18:40:00.330Z] [INFO] Staff Portal: http://localhost:3000/staff/dashboard
[2026-08-28T18:40:00.331Z] [INFO] Doctor Queue: http://localhost:3000/doctor/queue
[2026-08-28T18:40:00.331Z] [INFO] Admin Portal: http://localhost:3000/admin/dashboard
[2026-08-28T18:40:00.332Z] [INFO] ==================================================
[2026-08-28T18:40:55.568Z] [INFO] MongoDB Connected successfully to: mongodb://127.0.0.1:27017/medikiosk
[2026-08-28T18:40:55.615Z] [INFO] Resetting users with clean single-hashed passwords...
[2026-08-28T18:40:55.928Z] [INFO] Created 4 verified user accounts: admin@hospital.org, doctor@hospital.org, cardio@hospital.org, staff@hospital.org
[2026-08-28T18:40:55.943Z] [INFO] Database seeding & user credentials verification complete.
[2026-08-28T18:40:56.221Z] [INFO] Processing OCR for document: test_rx.jpg (image/jpeg)
[2026-08-28T18:40:56.222Z] [INFO] Starting offline sync reconciliation for Kiosk KIOSK-01. Total items: 1
[2026-08-28T18:40:56.227Z] [INFO] Session OFFLINE-SESSION-001 already reconciled. Skipping duplicate.
[2026-08-28T18:40:56.232Z] [INFO] Sync reconciliation complete for Kiosk KIOSK-01. Synced: 1, Failed: 0
[2026-08-28T18:41:01.083Z] [INFO] MongoDB Connected successfully to: mongodb://127.0.0.1:27017/medikiosk
[2026-08-28T18:41:01.138Z] [INFO] Resetting users with clean single-hashed passwords...
[2026-08-28T18:41:01.435Z] [INFO] Created 4 verified user accounts: admin@hospital.org, doctor@hospital.org, cardio@hospital.org, staff@hospital.org
[2026-08-28T18:41:01.449Z] [INFO] Database seeding & user credentials verification complete.
[2026-08-28T18:41:15.353Z] [INFO] MongoDB Connected successfully to: mongodb://127.0.0.1:27017/medikiosk
[2026-08-28T18:41:15.401Z] [INFO] Resetting users with clean single-hashed passwords...
[2026-08-28T18:41:15.713Z] [INFO] Created 4 verified user accounts: admin@hospital.org, doctor@hospital.org, cardio@hospital.org, staff@hospital.org
[2026-08-28T18:41:15.721Z] [INFO] Database seeding & user credentials verification complete.
[2026-08-28T18:41:15.726Z] [INFO] ==================================================
[2026-08-28T18:41:15.727Z] [INFO] MediKiosk Hospital Intake Server running on port 3000
[2026-08-28T18:41:15.727Z] [INFO] Kiosk URL:   http://localhost:3000/kiosk
[2026-08-28T18:41:15.728Z] [INFO] Staff Portal: http://localhost:3000/staff/dashboard
[2026-08-28T18:41:15.729Z] [INFO] Doctor Queue: http://localhost:3000/doctor/queue
[2026-08-28T18:41:15.730Z] [INFO] Admin Portal: http://localhost:3000/admin/dashboard
[2026-08-28T18:41:15.730Z] [INFO] ==================================================
[2026-08-28T18:42:57.678Z] [INFO] MongoDB Connected successfully to: mongodb://127.0.0.1:27017/medikiosk
[2026-08-28T18:42:57.760Z] [INFO] Resetting users with clean single-hashed passwords...
[2026-08-28T18:42:58.108Z] [INFO] Created 4 verified user accounts: admin@hospital.org, doctor@hospital.org, cardio@hospital.org, staff@hospital.org
[2026-08-28T18:42:58.117Z] [INFO] Database seeding & user credentials verification complete.
[2026-08-28T18:43:27.433Z] [INFO] MongoDB Connected successfully to: mongodb://127.0.0.1:27017/medikiosk
[2026-08-28T18:43:27.544Z] [INFO] Resetting users with clean single-hashed passwords...
[2026-08-28T18:43:27.921Z] [INFO] Created 4 verified user accounts: admin@hospital.org, doctor@hospital.org, cardio@hospital.org, staff@hospital.org
[2026-08-28T18:43:27.936Z] [INFO] Database seeding & user credentials verification complete.
[2026-08-28T18:44:10.017Z] [INFO] MongoDB Connected successfully to: mongodb://127.0.0.1:27017/medikiosk
[2026-08-28T18:44:10.074Z] [INFO] Resetting users with clean single-hashed passwords...
[2026-08-28T18:44:10.506Z] [INFO] Created 4 verified user accounts: admin@hospital.org, doctor@hospital.org, cardio@hospital.org, staff@hospital.org
[2026-08-28T18:44:10.512Z] [INFO] Database seeding & user credentials verification complete.
[2026-08-28T18:44:24.895Z] [INFO] MongoDB Connected successfully to: mongodb://127.0.0.1:27017/medikiosk
[2026-08-28T18:44:24.953Z] [INFO] Resetting users with clean single-hashed passwords...
[2026-08-28T18:44:25.520Z] [INFO] Created 5 verified user accounts (Admin, Doctors, Staff, Pharmacist).
[2026-08-28T18:44:25.535Z] [INFO] Database seeding & sample consultation/pharmacy records verified.
[2026-08-28T18:45:12.788Z] [INFO] MongoDB Connected successfully to: mongodb://127.0.0.1:27017/medikiosk
[2026-08-28T18:45:12.828Z] [INFO] Resetting users with clean single-hashed passwords...
[2026-08-28T18:45:13.254Z] [INFO] Created 5 verified user accounts (Admin, Doctors, Staff, Pharmacist).
[2026-08-28T18:45:13.261Z] [INFO] Database seeding & sample consultation/pharmacy records verified.
[2026-08-28T18:45:36.964Z] [INFO] MongoDB Connected successfully to: mongodb://127.0.0.1:27017/medikiosk
[2026-08-28T18:45:37.016Z] [INFO] Resetting users with clean single-hashed passwords...
[2026-08-28T18:45:37.470Z] [INFO] Created 5 verified user accounts (Admin, Doctors, Staff, Pharmacist).
[2026-08-28T18:45:37.474Z] [INFO] Database seeding & sample consultation/pharmacy records verified.
[2026-08-28T18:45:37.477Z] [INFO] ==================================================
[2026-08-28T18:45:37.478Z] [INFO] MediKiosk Hospital Intake Server running on port 3000
[2026-08-28T18:45:37.480Z] [INFO] Kiosk URL:   http://localhost:3000/kiosk
[2026-08-28T18:45:37.484Z] [INFO] Staff Portal: http://localhost:3000/staff/dashboard
[2026-08-28T18:45:37.486Z] [INFO] Doctor Queue: http://localhost:3000/doctor/queue
[2026-08-28T18:45:37.488Z] [INFO] Admin Portal: http://localhost:3000/admin/dashboard
[2026-08-28T18:45:37.490Z] [INFO] ==================================================
[2026-08-28T18:45:41.036Z] [INFO] MongoDB Connected successfully to: mongodb://127.0.0.1:27017/medikiosk
[2026-08-28T18:45:41.081Z] [INFO] Resetting users with clean single-hashed passwords...
[2026-08-28T18:45:41.459Z] [INFO] Created 5 verified user accounts (Admin, Doctors, Staff, Pharmacist).
[2026-08-28T18:45:41.463Z] [INFO] Database seeding & sample consultation/pharmacy records verified.
[2026-08-28T18:45:50.569Z] [INFO] MongoDB Connected successfully to: mongodb://127.0.0.1:27017/medikiosk
[2026-08-28T18:45:50.619Z] [INFO] Resetting users with clean single-hashed passwords...
[2026-08-28T18:45:50.990Z] [INFO] Created 5 verified user accounts (Admin, Doctors, Staff, Pharmacist).
[2026-08-28T18:45:50.997Z] [INFO] Database seeding & sample consultation/pharmacy records verified.
[2026-08-28T18:45:51.004Z] [INFO] ==================================================
[2026-08-28T18:45:51.005Z] [INFO] MediKiosk Hospital Intake Server running on port 3000
[2026-08-28T18:45:51.006Z] [INFO] Kiosk URL:   http://localhost:3000/kiosk
[2026-08-28T18:45:51.008Z] [INFO] Staff Portal: http://localhost:3000/staff/dashboard
[2026-08-28T18:45:51.009Z] [INFO] Doctor Queue: http://localhost:3000/doctor/queue
[2026-08-28T18:45:51.010Z] [INFO] Admin Portal: http://localhost:3000/admin/dashboard
[2026-08-28T18:45:51.010Z] [INFO] ==================================================
[2026-08-29T05:51:40.061Z] [INFO] MongoDB Connected successfully to: mongodb://127.0.0.1:27017/medikiosk
[2026-08-29T05:51:40.117Z] [INFO] Resetting users with clean single-hashed passwords...
[2026-08-29T05:51:40.595Z] [INFO] Created 5 verified user accounts (Admin, Doctors, Staff, Pharmacist).
[2026-08-29T05:51:40.603Z] [INFO] Database seeding & sample consultation/pharmacy records verified.
[2026-08-29T05:51:42.535Z] [INFO] MongoDB Connected successfully to: mongodb://127.0.0.1:27017/medikiosk
[2026-08-29T05:51:42.595Z] [INFO] Resetting users with clean single-hashed passwords...
[2026-08-29T05:51:42.998Z] [INFO] Created 5 verified user accounts (Admin, Doctors, Staff, Pharmacist).
[2026-08-29T05:51:43.004Z] [INFO] Database seeding & sample consultation/pharmacy records verified.
[2026-08-29T05:51:43.008Z] [INFO] ==================================================
[2026-08-29T05:51:43.009Z] [INFO] MediKiosk Hospital Intake Server running on port 3000
[2026-08-29T05:51:43.009Z] [INFO] Kiosk URL:   http://localhost:3000/kiosk
[2026-08-29T05:51:43.011Z] [INFO] Staff Portal: http://localhost:3000/staff/dashboard
[2026-08-29T05:51:43.012Z] [INFO] Doctor Queue: http://localhost:3000/doctor/queue
[2026-08-29T05:51:43.014Z] [INFO] Admin Portal: http://localhost:3000/admin/dashboard
[2026-08-29T05:51:43.015Z] [INFO] ==================================================
[2026-08-29T05:51:51.335Z] [INFO] MongoDB Connected successfully to: mongodb://127.0.0.1:27017/medikiosk
[2026-08-29T05:51:51.378Z] [INFO] Resetting users with clean single-hashed passwords...
[2026-08-29T05:51:51.935Z] [INFO] Created 5 verified user accounts (Admin, Doctors, Staff, Pharmacist).
[2026-08-29T05:51:51.939Z] [INFO] Database seeding & sample consultation/pharmacy records verified.
[2026-08-29T05:51:51.942Z] [INFO] ==================================================
[2026-08-29T05:51:51.942Z] [INFO] MediKiosk Hospital Intake Server running on port 3000
[2026-08-29T05:51:51.943Z] [INFO] Kiosk URL:   http://localhost:3000/kiosk
[2026-08-29T05:51:51.944Z] [INFO] Staff Portal: http://localhost:3000/staff/dashboard
[2026-08-29T05:51:51.944Z] [INFO] Doctor Queue: http://localhost:3000/doctor/queue
[2026-08-29T05:51:51.945Z] [INFO] Admin Portal: http://localhost:3000/admin/dashboard
[2026-08-29T05:51:51.945Z] [INFO] ==================================================
[2026-08-29T05:53:46.424Z] [INFO] MongoDB Connected successfully to: mongodb://127.0.0.1:27017/medikiosk
[2026-08-29T05:53:46.500Z] [INFO] Resetting users with clean single-hashed passwords...
[2026-08-29T05:53:47.099Z] [INFO] Created 5 verified user accounts (Admin, Doctors, Staff, Pharmacist).
[2026-08-29T05:53:47.112Z] [INFO] Database seeding & sample consultation/pharmacy records verified.
[2026-08-29T05:54:12.675Z] [INFO] MongoDB Connected successfully to: mongodb://127.0.0.1:27017/medikiosk
[2026-08-29T05:54:12.730Z] [INFO] Resetting users with clean single-hashed passwords...
[2026-08-29T05:54:13.243Z] [INFO] Created 5 verified user accounts (Admin, Doctors, Staff, Pharmacist).
[2026-08-29T05:54:13.249Z] [INFO] Database seeding & sample consultation/pharmacy records verified.
[2026-08-29T05:54:13.255Z] [INFO] ==================================================
[2026-08-29T05:54:13.256Z] [INFO] MediKiosk Hospital Intake Server running on port 3000
[2026-08-29T05:54:13.257Z] [INFO] Kiosk URL:   http://localhost:3000/kiosk
[2026-08-29T05:54:13.257Z] [INFO] Staff Portal: http://localhost:3000/staff/dashboard
[2026-08-29T05:54:13.258Z] [INFO] Doctor Queue: http://localhost:3000/doctor/queue
[2026-08-29T05:54:13.259Z] [INFO] Admin Portal: http://localhost:3000/admin/dashboard
[2026-08-29T05:54:13.260Z] [INFO] ==================================================
[2026-08-29T05:55:07.115Z] [INFO] MongoDB Connected successfully to: mongodb://127.0.0.1:27017/medikiosk
[2026-08-29T05:55:07.224Z] [INFO] Resetting users with clean single-hashed passwords...
[2026-08-29T05:55:07.725Z] [INFO] Created 5 verified user accounts (Admin, Doctors, Staff, Pharmacist).
[2026-08-29T05:55:07.736Z] [INFO] Database seeding & sample consultation/pharmacy records verified.
[2026-08-29T05:55:23.500Z] [INFO] MongoDB Connected successfully to: mongodb://127.0.0.1:27017/medikiosk
[2026-08-29T05:55:23.571Z] [INFO] Resetting users with clean single-hashed passwords...
[2026-08-29T05:55:24.068Z] [INFO] Created 5 verified user accounts (Admin, Doctors, Staff, Pharmacist).
[2026-08-29T05:55:24.084Z] [INFO] Database seeding & sample consultation/pharmacy records verified.
[2026-08-29T05:55:24.092Z] [INFO] ==================================================
[2026-08-29T05:55:24.093Z] [INFO] MediKiosk Hospital Intake Server running on port 3000
[2026-08-29T05:55:24.095Z] [INFO] Kiosk URL:   http://localhost:3000/kiosk
[2026-08-29T05:55:24.095Z] [INFO] Staff Portal: http://localhost:3000/staff/dashboard
[2026-08-29T05:55:24.096Z] [INFO] Doctor Queue: http://localhost:3000/doctor/queue
[2026-08-29T05:55:24.097Z] [INFO] Admin Portal: http://localhost:3000/admin/dashboard
[2026-08-29T05:55:24.098Z] [INFO] ==================================================
[2026-08-29T05:56:44.834Z] [INFO] MongoDB Connected successfully to: mongodb://127.0.0.1:27017/medikiosk
[2026-08-29T05:56:44.916Z] [INFO] Resetting users with clean single-hashed passwords...
[2026-08-29T05:56:45.387Z] [INFO] Created 5 verified user accounts (Admin, Doctors, Staff, Pharmacist).
[2026-08-29T05:56:45.401Z] [INFO] Database seeding & sample consultation/pharmacy records verified.
[2026-08-29T05:56:56.012Z] [INFO] MongoDB Connected successfully to: mongodb://127.0.0.1:27017/medikiosk
[2026-08-29T05:56:56.139Z] [INFO] Resetting users with clean single-hashed passwords...
[2026-08-29T05:56:56.777Z] [INFO] Created 5 verified user accounts (Admin, Doctors, Staff, Pharmacist).
[2026-08-29T05:56:56.789Z] [INFO] Database seeding & sample consultation/pharmacy records verified.
[2026-08-29T05:57:18.772Z] [INFO] MongoDB Connected successfully to: mongodb://127.0.0.1:27017/medikiosk
[2026-08-29T05:57:18.864Z] [INFO] Resetting users with clean single-hashed passwords...
[2026-08-29T05:57:19.388Z] [INFO] Created 5 verified user accounts (Admin, Doctors, Staff, Pharmacist).
[2026-08-29T05:57:19.398Z] [INFO] Database seeding & sample consultation/pharmacy records verified.
[2026-08-29T05:57:19.408Z] [INFO] ==================================================
[2026-08-29T05:57:19.409Z] [INFO] MediKiosk Hospital Intake Server running on port 3000
[2026-08-29T05:57:19.410Z] [INFO] Kiosk URL:   http://localhost:3000/kiosk
[2026-08-29T05:57:19.410Z] [INFO] Staff Portal: http://localhost:3000/staff/dashboard
[2026-08-29T05:57:19.411Z] [INFO] Doctor Queue: http://localhost:3000/doctor/queue
[2026-08-29T05:57:19.413Z] [INFO] Admin Portal: http://localhost:3000/admin/dashboard
[2026-08-29T05:57:19.415Z] [INFO] ==================================================
[2026-08-29T05:59:34.895Z] [INFO] MongoDB Connected successfully to: mongodb://127.0.0.1:27017/medikiosk
[2026-08-29T05:59:35.006Z] [INFO] Resetting users with clean single-hashed passwords...
[2026-08-29T05:59:35.544Z] [INFO] Created 5 verified user accounts (Admin, Doctors, Staff, Pharmacist).
[2026-08-29T05:59:35.559Z] [INFO] Database seeding & sample consultation/pharmacy records verified.
[2026-08-29T05:59:58.153Z] [INFO] MongoDB Connected successfully to: mongodb://127.0.0.1:27017/medikiosk
[2026-08-29T05:59:58.250Z] [INFO] Resetting users with clean single-hashed passwords...
[2026-08-29T05:59:58.871Z] [INFO] Created 5 verified user accounts (Admin, Doctors, Staff, Pharmacist).
[2026-08-29T05:59:58.882Z] [INFO] Database seeding & sample consultation/pharmacy records verified.
[2026-08-29T05:59:58.890Z] [INFO] ==================================================
[2026-08-29T05:59:58.896Z] [INFO] MediKiosk Hospital Intake Server running on port 3000
[2026-08-29T05:59:58.903Z] [INFO] Kiosk URL:   http://localhost:3000/kiosk
[2026-08-29T05:59:58.925Z] [INFO] Staff Portal: http://localhost:3000/staff/dashboard
[2026-08-29T05:59:58.940Z] [INFO] Doctor Queue: http://localhost:3000/doctor/queue
[2026-08-29T05:59:58.947Z] [INFO] Admin Portal: http://localhost:3000/admin/dashboard
[2026-08-29T05:59:58.958Z] [INFO] ==================================================
[2026-08-29T06:00:03.083Z] [INFO] MongoDB Connected successfully to: mongodb://127.0.0.1:27017/medikiosk
[2026-08-29T06:00:03.176Z] [INFO] Resetting users with clean single-hashed passwords...
[2026-08-29T06:00:03.674Z] [INFO] Created 5 verified user accounts (Admin, Doctors, Staff, Pharmacist).
[2026-08-29T06:00:03.685Z] [INFO] Database seeding & sample consultation/pharmacy records verified.
[2026-08-29T06:00:15.748Z] [INFO] MongoDB Connected successfully to: mongodb://127.0.0.1:27017/medikiosk
[2026-08-29T06:00:15.826Z] [INFO] Resetting users with clean single-hashed passwords...
[2026-08-29T06:00:16.386Z] [INFO] Created 5 verified user accounts (Admin, Doctors, Staff, Pharmacist).
[2026-08-29T06:00:16.397Z] [INFO] Database seeding & sample consultation/pharmacy records verified.
[2026-08-29T06:00:16.403Z] [INFO] ==================================================
[2026-08-29T06:00:16.406Z] [INFO] MediKiosk Hospital Intake Server running on port 3000
[2026-08-29T06:00:16.409Z] [INFO] Kiosk URL:   http://localhost:3000/kiosk
[2026-08-29T06:00:16.410Z] [INFO] Staff Portal: http://localhost:3000/staff/dashboard
[2026-08-29T06:00:16.412Z] [INFO] Doctor Queue: http://localhost:3000/doctor/queue
[2026-08-29T06:00:16.414Z] [INFO] Admin Portal: http://localhost:3000/admin/dashboard
[2026-08-29T06:00:16.417Z] [INFO] ==================================================
[2026-08-29T06:07:54.539Z] [INFO] MongoDB Connected successfully to: mongodb://127.0.0.1:27017/medikiosk
[2026-08-29T06:07:54.607Z] [INFO] Resetting users with clean single-hashed passwords...
[2026-08-29T06:07:55.208Z] [INFO] Created 5 verified user accounts (Admin, Doctors, Staff, Pharmacist).
[2026-08-29T06:07:55.213Z] [INFO] Database seeding & sample consultation/pharmacy records verified.
[2026-08-29T06:15:27.426Z] [INFO] MongoDB Connected successfully to: mongodb://127.0.0.1:27017/medikiosk
[2026-08-29T06:15:27.488Z] [INFO] Resetting users with clean single-hashed passwords...
[2026-08-29T06:15:27.930Z] [INFO] Created 5 verified user accounts (Admin, Doctors, Staff, Pharmacist).
[2026-08-29T06:15:27.938Z] [INFO] Database seeding & sample consultation/pharmacy records verified.
[2026-08-29T06:16:14.506Z] [INFO] MongoDB Connected successfully to: mongodb://127.0.0.1:27017/medikiosk
[2026-08-29T06:16:14.597Z] [INFO] Resetting users with clean single-hashed passwords...
[2026-08-29T06:16:15.039Z] [INFO] Created 5 verified user accounts (Admin, Doctors, Staff, Pharmacist).
[2026-08-29T06:16:15.052Z] [INFO] Database seeding & sample consultation/pharmacy records verified.
[2026-08-29T06:20:55.713Z] [INFO] MongoDB Connected successfully to: mongodb://127.0.0.1:27017/medikiosk
[2026-08-29T06:20:55.809Z] [INFO] Resetting users with clean single-hashed passwords...
[2026-08-29T06:20:56.267Z] [INFO] Created 5 verified user accounts (Admin, Doctors, Staff, Pharmacist).
[2026-08-29T06:20:56.276Z] [INFO] Database seeding & sample consultation/pharmacy records verified.
[2026-08-29T06:20:56.283Z] [INFO] ==================================================
[2026-08-29T06:20:56.285Z] [INFO] MediKiosk Hospital Intake Server running on port 3000
[2026-08-29T06:20:56.287Z] [INFO] Kiosk URL:   http://localhost:3000/kiosk
[2026-08-29T06:20:56.288Z] [INFO] Staff Portal: http://localhost:3000/staff/dashboard
[2026-08-29T06:20:56.288Z] [INFO] Doctor Queue: http://localhost:3000/doctor/queue
[2026-08-29T06:20:56.289Z] [INFO] Admin Portal: http://localhost:3000/admin/dashboard
[2026-08-29T06:20:56.290Z] [INFO] ==================================================
[2026-08-29T06:22:05.709Z] [INFO] MongoDB Connected successfully to: mongodb://127.0.0.1:27017/medikiosk
[2026-08-29T06:22:05.785Z] [INFO] Resetting users with clean single-hashed passwords...
[2026-08-29T06:22:06.231Z] [INFO] Created 5 verified user accounts (Admin, Doctors, Staff, Pharmacist).
[2026-08-29T06:22:06.237Z] [INFO] Database seeding & sample consultation/pharmacy records verified.
[2026-08-29T06:22:16.565Z] [INFO] MongoDB Connected successfully to: mongodb://127.0.0.1:27017/medikiosk
[2026-08-29T06:22:16.621Z] [INFO] Resetting users with clean single-hashed passwords...
[2026-08-29T06:22:17.209Z] [INFO] Created 5 verified user accounts (Admin, Doctors, Staff, Pharmacist).
[2026-08-29T06:22:17.226Z] [INFO] Database seeding & sample consultation/pharmacy records verified.
[2026-08-29T06:24:24.478Z] [INFO] MongoDB Connected successfully to: mongodb://127.0.0.1:27017/medikiosk
[2026-08-29T06:24:24.582Z] [INFO] Resetting users with clean single-hashed passwords...
[2026-08-29T06:24:25.134Z] [INFO] Created 5 verified user accounts (Admin, Doctors, Staff, Pharmacist).
[2026-08-29T06:24:25.145Z] [INFO] Database seeding & sample consultation/pharmacy records verified.
[2026-08-29T06:24:25.153Z] [INFO] ==================================================
[2026-08-29T06:24:25.160Z] [INFO] MediKiosk Hospital Intake Server running on port 3000
[2026-08-29T06:24:25.175Z] [INFO] Kiosk URL:   http://localhost:3000/kiosk
[2026-08-29T06:24:25.191Z] [INFO] Staff Portal: http://localhost:3000/staff/dashboard
[2026-08-29T06:24:25.204Z] [INFO] Doctor Queue: http://localhost:3000/doctor/queue
[2026-08-29T06:24:25.215Z] [INFO] Admin Portal: http://localhost:3000/admin/dashboard
[2026-08-29T06:24:25.221Z] [INFO] ==================================================
[2026-08-29T06:24:26.919Z] [INFO] MongoDB Connected successfully to: mongodb://127.0.0.1:27017/medikiosk
[2026-08-29T06:24:26.984Z] [INFO] Resetting users with clean single-hashed passwords...
[2026-08-29T06:24:27.391Z] [INFO] Created 5 verified user accounts (Admin, Doctors, Staff, Pharmacist).
[2026-08-29T06:24:27.397Z] [INFO] Database seeding & sample consultation/pharmacy records verified.
[2026-08-29T06:24:39.471Z] [INFO] MongoDB Connected successfully to: mongodb://127.0.0.1:27017/medikiosk
[2026-08-29T06:24:39.561Z] [INFO] Resetting users with clean single-hashed passwords...
[2026-08-29T06:24:39.984Z] [INFO] Created 5 verified user accounts (Admin, Doctors, Staff, Pharmacist).
[2026-08-29T06:24:39.990Z] [INFO] Database seeding & sample consultation/pharmacy records verified.
[2026-08-29T06:24:39.998Z] [INFO] ==================================================
[2026-08-29T06:24:39.998Z] [INFO] MediKiosk Hospital Intake Server running on port 3000
[2026-08-29T06:24:39.999Z] [INFO] Kiosk URL:   http://localhost:3000/kiosk
[2026-08-29T06:24:39.999Z] [INFO] Staff Portal: http://localhost:3000/staff/dashboard
[2026-08-29T06:24:40.000Z] [INFO] Doctor Queue: http://localhost:3000/doctor/queue
[2026-08-29T06:24:40.001Z] [INFO] Admin Portal: http://localhost:3000/admin/dashboard
[2026-08-29T06:24:40.002Z] [INFO] ==================================================
[2026-08-29T06:30:33.848Z] [INFO] MongoDB Connected successfully to: mongodb://127.0.0.1:27017/medikiosk
[2026-08-29T06:30:33.932Z] [INFO] Resetting users with clean single-hashed passwords...
[2026-08-29T06:30:34.462Z] [INFO] Created 5 verified user accounts (Admin, Doctors, Staff, Pharmacist).
[2026-08-29T06:30:34.480Z] [INFO] Database seeding & sample consultation/pharmacy records verified.
[2026-08-29T06:30:56.053Z] [INFO] MongoDB Connected successfully to: mongodb://127.0.0.1:27017/medikiosk
[2026-08-29T06:30:56.088Z] [INFO] Resetting users with clean single-hashed passwords...
[2026-08-29T06:30:56.669Z] [INFO] Created 5 verified user accounts (Admin, Doctors, Staff, Pharmacist).
[2026-08-29T06:30:56.676Z] [INFO] Database seeding & sample consultation/pharmacy records verified.
[2026-08-29T06:32:47.851Z] [INFO] MongoDB Connected successfully to: mongodb://127.0.0.1:27017/medikiosk
[2026-08-29T06:32:47.928Z] [INFO] Resetting users with clean single-hashed passwords...
[2026-08-29T06:32:48.408Z] [INFO] Created 5 verified user accounts (Admin, Doctors, Staff, Pharmacist).
[2026-08-29T06:32:48.413Z] [INFO] Database seeding & sample consultation/pharmacy records verified.
[2026-08-29T06:32:55.847Z] [INFO] MongoDB Connected successfully to: mongodb://127.0.0.1:27017/medikiosk
[2026-08-29T06:32:55.895Z] [INFO] Resetting users with clean single-hashed passwords...
[2026-08-29T06:32:56.283Z] [INFO] Created 5 verified user accounts (Admin, Doctors, Staff, Pharmacist).
[2026-08-29T06:32:56.289Z] [INFO] Database seeding & sample consultation/pharmacy records verified.
[2026-08-29T06:32:56.296Z] [INFO] ==================================================
[2026-08-29T06:32:56.297Z] [INFO] MediKiosk Hospital Intake Server running on port 3000
[2026-08-29T06:32:56.297Z] [INFO] Kiosk URL:   http://localhost:3000/kiosk
[2026-08-29T06:32:56.298Z] [INFO] Staff Portal: http://localhost:3000/staff/dashboard
[2026-08-29T06:32:56.299Z] [INFO] Doctor Queue: http://localhost:3000/doctor/queue
[2026-08-29T06:32:56.300Z] [INFO] Admin Portal: http://localhost:3000/admin/dashboard
[2026-08-29T06:32:56.301Z] [INFO] ==================================================
[2026-08-29T06:36:41.197Z] [INFO] MongoDB Connected successfully to: mongodb://127.0.0.1:27017/medikiosk
[2026-08-29T06:36:41.241Z] [INFO] Resetting users with clean single-hashed passwords...
[2026-08-29T06:36:41.586Z] [INFO] Created 5 verified user accounts (Admin, Doctors, Staff, Pharmacist).
[2026-08-29T06:36:41.590Z] [INFO] Database seeding & sample consultation/pharmacy records verified.
[2026-08-29T06:44:47.859Z] [INFO] MongoDB Connected successfully to: mongodb://127.0.0.1:27017/medikiosk
[2026-08-29T06:44:47.891Z] [INFO] Resetting users with clean single-hashed passwords...
[2026-08-29T06:44:48.231Z] [INFO] Created 5 verified user accounts (Admin, Doctors, Staff, Pharmacist).
[2026-08-29T06:44:48.236Z] [INFO] Database seeding & sample consultation/pharmacy records verified.
[2026-08-29T06:44:48.239Z] [INFO] ==================================================
[2026-08-29T06:44:48.240Z] [INFO] MediKiosk Hospital Intake Server running on port 3000
[2026-08-29T06:44:48.240Z] [INFO] Kiosk URL:   http://localhost:3000/kiosk
[2026-08-29T06:44:48.241Z] [INFO] Staff Portal: http://localhost:3000/staff/dashboard
[2026-08-29T06:44:48.242Z] [INFO] Doctor Queue: http://localhost:3000/doctor/queue
[2026-08-29T06:44:48.243Z] [INFO] Admin Portal: http://localhost:3000/admin/dashboard
[2026-08-29T06:44:48.244Z] [INFO] ==================================================
[2026-08-29T06:51:34.108Z] [INFO] MongoDB Connected successfully to: mongodb://127.0.0.1:27017/medikiosk
[2026-08-29T06:51:34.140Z] [INFO] Resetting users with clean single-hashed passwords...
[2026-08-29T06:51:34.465Z] [INFO] Created 5 verified user accounts (Admin, Doctors, Staff, Pharmacist).
[2026-08-29T06:51:34.470Z] [INFO] Database seeding & sample consultation/pharmacy records verified.
[2026-08-29T06:51:34.473Z] [INFO] ==================================================
[2026-08-29T06:51:34.473Z] [INFO] MediKiosk Hospital Intake Server running on port 3000
[2026-08-29T06:51:34.474Z] [INFO] Kiosk URL:   http://localhost:3000/kiosk
[2026-08-29T06:51:34.475Z] [INFO] Staff Portal: http://localhost:3000/staff/dashboard
[2026-08-29T06:51:34.476Z] [INFO] Doctor Queue: http://localhost:3000/doctor/queue
[2026-08-29T06:51:34.476Z] [INFO] Admin Portal: http://localhost:3000/admin/dashboard
[2026-08-29T06:51:34.477Z] [INFO] ==================================================
[2026-08-29T07:03:36.745Z] [INFO] MongoDB Connected successfully to: mongodb://127.0.0.1:27017/medikiosk
[2026-08-29T07:03:36.800Z] [INFO] Resetting users with clean single-hashed passwords...
[2026-08-29T07:03:37.302Z] [INFO] Created 5 verified user accounts (Admin, Doctors, Staff, Pharmacist).
[2026-08-29T07:03:37.311Z] [INFO] Database seeding & sample consultation/pharmacy records verified.
[2026-08-29T07:03:37.316Z] [INFO] ==================================================
[2026-08-29T07:03:37.322Z] [INFO] MediKiosk Hospital Intake Server running on port 3000
[2026-08-29T07:03:37.323Z] [INFO] Kiosk URL:   http://localhost:3000/kiosk
[2026-08-29T07:03:37.326Z] [INFO] Staff Portal: http://localhost:3000/staff/dashboard
[2026-08-29T07:03:37.337Z] [INFO] Doctor Queue: http://localhost:3000/doctor/queue
[2026-08-29T07:03:37.342Z] [INFO] Admin Portal: http://localhost:3000/admin/dashboard
[2026-08-29T07:03:37.344Z] [INFO] ==================================================
[2026-08-29T07:05:38.932Z] [INFO] MongoDB Connected successfully to: mongodb://127.0.0.1:27017/medikiosk
[2026-08-29T07:05:38.956Z] [INFO] Resetting users with clean single-hashed passwords...
[2026-08-29T07:05:39.334Z] [INFO] Created 5 verified user accounts (Admin, Doctors, Staff, Pharmacist).
[2026-08-29T07:05:39.338Z] [INFO] Database seeding & sample consultation/pharmacy records verified.
[2026-08-29T07:05:39.341Z] [INFO] ==================================================
[2026-08-29T07:05:39.341Z] [INFO] MediKiosk Hospital Intake Server running on port 3000
[2026-08-29T07:05:39.342Z] [INFO] Kiosk URL:   http://localhost:3000/kiosk
[2026-08-29T07:05:39.342Z] [INFO] Staff Portal: http://localhost:3000/staff/dashboard
[2026-08-29T07:05:39.343Z] [INFO] Doctor Queue: http://localhost:3000/doctor/queue
[2026-08-29T07:05:39.343Z] [INFO] Admin Portal: http://localhost:3000/admin/dashboard
[2026-08-29T07:05:39.343Z] [INFO] ==================================================
[2026-08-29T07:06:31.565Z] [INFO] MongoDB Connected successfully to: mongodb://127.0.0.1:27017/medikiosk
[2026-08-29T07:06:31.614Z] [INFO] Resetting users with clean single-hashed passwords...
[2026-08-29T07:06:32.106Z] [INFO] Created 5 verified user accounts (Admin, Doctors, Staff, Pharmacist).
[2026-08-29T07:06:32.112Z] [INFO] Database seeding & sample consultation/pharmacy records verified.
[2026-08-29T07:06:43.510Z] [INFO] MongoDB Connected successfully to: mongodb://127.0.0.1:27017/medikiosk
[2026-08-29T07:06:43.541Z] [INFO] Resetting users with clean single-hashed passwords...
[2026-08-29T07:06:43.899Z] [INFO] Created 5 verified user accounts (Admin, Doctors, Staff, Pharmacist).
[2026-08-29T07:06:43.904Z] [INFO] Database seeding & sample consultation/pharmacy records verified.
[2026-08-29T07:06:43.907Z] [INFO] ==================================================
[2026-08-29T07:06:43.907Z] [INFO] MediKiosk Hospital Intake Server running on port 3000
[2026-08-29T07:06:43.908Z] [INFO] Kiosk URL:   http://localhost:3000/kiosk
[2026-08-29T07:06:43.908Z] [INFO] Staff Portal: http://localhost:3000/staff/dashboard
[2026-08-29T07:06:43.909Z] [INFO] Doctor Queue: http://localhost:3000/doctor/queue
[2026-08-29T07:06:43.909Z] [INFO] Admin Portal: http://localhost:3000/admin/dashboard
[2026-08-29T07:06:43.910Z] [INFO] ==================================================
[2026-08-29T07:09:34.494Z] [INFO] MongoDB Connected successfully to: mongodb://127.0.0.1:27017/medikiosk
[2026-08-29T07:09:34.563Z] [INFO] Resetting users with clean single-hashed passwords...
[2026-08-29T07:09:35.015Z] [INFO] Created 5 verified user accounts (Admin, Doctors, Staff, Pharmacist).
[2026-08-29T07:09:35.024Z] [INFO] Database seeding & sample consultation/pharmacy records verified.
[2026-08-29T07:09:51.520Z] [INFO] MongoDB Connected successfully to: mongodb://127.0.0.1:27017/medikiosk
[2026-08-29T07:09:51.577Z] [INFO] Resetting users with clean single-hashed passwords...
[2026-08-29T07:09:51.939Z] [INFO] Created 5 verified user accounts (Admin, Doctors, Staff, Pharmacist).
[2026-08-29T07:09:51.946Z] [INFO] Database seeding & sample consultation/pharmacy records verified.
[2026-08-29T07:09:51.951Z] [INFO] ==================================================
[2026-08-29T07:09:51.952Z] [INFO] MediKiosk Hospital Intake Server running on port 3000
[2026-08-29T07:09:51.953Z] [INFO] Kiosk URL:   http://localhost:3000/kiosk
[2026-08-29T07:09:51.953Z] [INFO] Staff Portal: http://localhost:3000/staff/dashboard
[2026-08-29T07:09:51.954Z] [INFO] Doctor Queue: http://localhost:3000/doctor/queue
[2026-08-29T07:09:51.955Z] [INFO] Admin Portal: http://localhost:3000/admin/dashboard
[2026-08-29T07:09:51.956Z] [INFO] ==================================================
[2026-08-29T07:10:02.620Z] [INFO] MongoDB Connected successfully to: mongodb://127.0.0.1:27017/medikiosk
[2026-08-29T07:10:02.670Z] [INFO] Resetting users with clean single-hashed passwords...
[2026-08-29T07:10:02.993Z] [INFO] Created 5 verified user accounts (Admin, Doctors, Staff, Pharmacist).
[2026-08-29T07:10:02.997Z] [INFO] Database seeding & sample consultation/pharmacy records verified.
[2026-08-29T07:10:27.527Z] [INFO] MongoDB Connected successfully to: mongodb://127.0.0.1:27017/medikiosk
[2026-08-29T07:10:27.576Z] [INFO] Resetting users with clean single-hashed passwords...
[2026-08-29T07:10:28.019Z] [INFO] Created 5 verified user accounts (Admin, Doctors, Staff, Pharmacist).
[2026-08-29T07:10:28.024Z] [INFO] Database seeding & sample consultation/pharmacy records verified.
[2026-08-29T07:10:46.767Z] [INFO] MongoDB Connected successfully to: mongodb://127.0.0.1:27017/medikiosk
[2026-08-29T07:10:46.799Z] [INFO] Resetting users with clean single-hashed passwords...
[2026-08-29T07:10:47.149Z] [INFO] Created 5 verified user accounts (Admin, Doctors, Staff, Pharmacist).
[2026-08-29T07:10:47.153Z] [INFO] Database seeding & sample consultation/pharmacy records verified.
[2026-08-29T07:10:47.155Z] [INFO] ==================================================
[2026-08-29T07:10:47.155Z] [INFO] MediKiosk Hospital Intake Server running on port 3000
[2026-08-29T07:10:47.156Z] [INFO] Kiosk URL:   http://localhost:3000/kiosk
[2026-08-29T07:10:47.156Z] [INFO] Staff Portal: http://localhost:3000/staff/dashboard
[2026-08-29T07:10:47.157Z] [INFO] Doctor Queue: http://localhost:3000/doctor/queue
[2026-08-29T07:10:47.157Z] [INFO] Admin Portal: http://localhost:3000/admin/dashboard
[2026-08-29T07:10:47.158Z] [INFO] ==================================================
[2026-08-29T07:11:19.487Z] [INFO] MongoDB Connected successfully to: mongodb://127.0.0.1:27017/medikiosk
[2026-08-29T07:11:19.550Z] [INFO] Resetting users with clean single-hashed passwords...
[2026-08-29T07:11:20.215Z] [INFO] Created 5 verified user accounts (Admin, Doctors, Staff, Pharmacist).
[2026-08-29T07:11:20.222Z] [INFO] Database seeding & sample consultation/pharmacy records verified.
[2026-08-29T07:11:20.226Z] [INFO] ==================================================
[2026-08-29T07:11:20.228Z] [INFO] MediKiosk Hospital Intake Server running on port 3000
[2026-08-29T07:11:20.229Z] [INFO] Kiosk URL:   http://localhost:3000/kiosk
[2026-08-29T07:11:20.231Z] [INFO] Staff Portal: http://localhost:3000/staff/dashboard
[2026-08-29T07:11:20.232Z] [INFO] Doctor Queue: http://localhost:3000/doctor/queue
[2026-08-29T07:11:20.234Z] [INFO] Admin Portal: http://localhost:3000/admin/dashboard
[2026-08-29T07:11:20.240Z] [INFO] Pharmacy:     http://localhost:3000/pharmacy
[2026-08-29T07:11:20.242Z] [INFO] ==================================================
[2026-08-29T07:11:28.891Z] [INFO] MongoDB Connected successfully to: mongodb://127.0.0.1:27017/medikiosk
[2026-08-29T07:11:28.921Z] [INFO] Resetting users with clean single-hashed passwords...
[2026-08-29T07:11:29.260Z] [INFO] Created 5 verified user accounts (Admin, Doctors, Staff, Pharmacist).
[2026-08-29T07:11:29.266Z] [INFO] Database seeding & sample consultation/pharmacy records verified.
[2026-08-29T07:11:52.714Z] [INFO] MongoDB Connected successfully to: mongodb://127.0.0.1:27017/medikiosk
[2026-08-29T07:11:52.783Z] [INFO] Resetting users with clean single-hashed passwords...
[2026-08-29T07:11:53.158Z] [INFO] Created 5 verified user accounts (Admin, Doctors, Staff, Pharmacist).
[2026-08-29T07:11:53.168Z] [INFO] Database seeding & sample consultation/pharmacy records verified.
[2026-08-29T07:11:53.175Z] [INFO] ==================================================
[2026-08-29T07:11:53.177Z] [INFO] MediKiosk Hospital Intake Server running on port 3000
[2026-08-29T07:11:53.178Z] [INFO] Kiosk URL:   http://localhost:3000/kiosk
[2026-08-29T07:11:53.178Z] [INFO] Staff Portal: http://localhost:3000/staff/dashboard
[2026-08-29T07:11:53.179Z] [INFO] Doctor Queue: http://localhost:3000/doctor/queue
[2026-08-29T07:11:53.180Z] [INFO] Admin Portal: http://localhost:3000/admin/dashboard
[2026-08-29T07:11:53.182Z] [INFO] Pharmacy:     http://localhost:3000/pharmacy
[2026-08-29T07:11:53.183Z] [INFO] ==================================================
[2026-08-29T07:12:48.393Z] [INFO] MongoDB Connected successfully to: mongodb://127.0.0.1:27017/medikiosk
[2026-08-29T07:12:48.433Z] [INFO] Resetting users with clean single-hashed passwords...
[2026-08-29T07:12:48.811Z] [INFO] Created 5 verified user accounts (Admin, Doctors, Staff, Pharmacist).
[2026-08-29T07:12:48.818Z] [INFO] Database seeding & sample consultation/pharmacy records verified.
[2026-08-29T07:12:48.823Z] [INFO] ==================================================
[2026-08-29T07:12:48.825Z] [INFO] MediKiosk Hospital Intake Server running on port 3000
[2026-08-29T07:12:48.830Z] [INFO] Kiosk URL:   http://localhost:3000/kiosk
[2026-08-29T07:12:48.842Z] [INFO] Staff Portal: http://localhost:3000/staff/dashboard
[2026-08-29T07:12:48.844Z] [INFO] Doctor Queue: http://localhost:3000/doctor/queue
[2026-08-29T07:12:48.849Z] [INFO] Admin Portal: http://localhost:3000/admin/dashboard
[2026-08-29T07:12:48.854Z] [INFO] Pharmacy:     http://localhost:3000/pharmacy
[2026-08-29T07:12:48.870Z] [INFO] ==================================================
[2026-08-29T07:12:59.408Z] [INFO] MongoDB Connected successfully to: mongodb://127.0.0.1:27017/medikiosk
[2026-08-29T07:12:59.489Z] [INFO] Resetting users with clean single-hashed passwords...
[2026-08-29T07:12:59.979Z] [INFO] Created 5 verified user accounts (Admin, Doctors, Staff, Pharmacist).
[2026-08-29T07:12:59.988Z] [INFO] Database seeding & sample consultation/pharmacy records verified.
[2026-08-29T07:12:59.994Z] [WARN] Port 3000 is occupied by another process. Automatically switching to fallback port 3001...
[2026-08-29T07:12:59.997Z] [INFO] ==================================================
[2026-08-29T07:12:59.998Z] [INFO] MediKiosk Hospital Intake Server running on port 3001
[2026-08-29T07:12:59.999Z] [INFO] Kiosk URL:   http://localhost:3001/kiosk
[2026-08-29T07:13:00.000Z] [INFO] Staff Portal: http://localhost:3001/staff/dashboard
[2026-08-29T07:13:00.001Z] [INFO] Doctor Queue: http://localhost:3001/doctor/queue
[2026-08-29T07:13:00.001Z] [INFO] Admin Portal: http://localhost:3001/admin/dashboard
[2026-08-29T07:13:00.002Z] [INFO] Pharmacy:     http://localhost:3001/pharmacy
[2026-08-29T07:13:00.002Z] [INFO] ==================================================
[2026-08-29T07:13:00.003Z] [INFO] ==================================================
[2026-08-29T07:13:00.004Z] [INFO] MediKiosk Hospital Intake Server running on port 3001
[2026-08-29T07:13:00.005Z] [INFO] Kiosk URL:   http://localhost:3001/kiosk
[2026-08-29T07:13:00.006Z] [INFO] Staff Portal: http://localhost:3001/staff/dashboard
[2026-08-29T07:13:00.008Z] [INFO] Doctor Queue: http://localhost:3001/doctor/queue
[2026-08-29T07:13:00.008Z] [INFO] Admin Portal: http://localhost:3001/admin/dashboard
[2026-08-29T07:13:00.009Z] [INFO] Pharmacy:     http://localhost:3001/pharmacy
[2026-08-29T07:13:00.010Z] [INFO] ==================================================
[2026-08-29T07:13:57.406Z] [INFO] MongoDB Connected successfully to: mongodb://127.0.0.1:27017/medikiosk
[2026-08-29T07:13:57.444Z] [INFO] Resetting users with clean single-hashed passwords...
[2026-08-29T07:13:57.817Z] [INFO] Created 5 verified user accounts (Admin, Doctors, Staff, Pharmacist).
[2026-08-29T07:13:57.821Z] [INFO] Database seeding & sample consultation/pharmacy records verified.
[2026-08-29T07:13:57.825Z] [INFO] ==================================================
[2026-08-29T07:13:57.825Z] [INFO] MediKiosk Hospital Intake Server running on port 3000
[2026-08-29T07:13:57.825Z] [INFO] Kiosk URL:   http://localhost:3000/kiosk
[2026-08-29T07:13:57.826Z] [INFO] Staff Portal: http://localhost:3000/staff/dashboard
[2026-08-29T07:13:57.826Z] [INFO] Doctor Queue: http://localhost:3000/doctor/queue
[2026-08-29T07:13:57.826Z] [INFO] Admin Portal: http://localhost:3000/admin/dashboard
[2026-08-29T07:13:57.827Z] [INFO] Pharmacy:     http://localhost:3000/pharmacy
[2026-08-29T07:13:57.827Z] [INFO] ==================================================
[2026-08-29T07:14:30.332Z] [INFO] MongoDB Connected successfully to: mongodb://127.0.0.1:27017/medikiosk
[2026-08-29T07:14:30.367Z] [INFO] Resetting users with clean single-hashed passwords...
[2026-08-29T07:14:30.723Z] [INFO] Created 5 verified user accounts (Admin, Doctors, Staff, Pharmacist).
[2026-08-29T07:14:30.727Z] [INFO] Database seeding & sample consultation/pharmacy records verified.
[2026-08-29T07:14:30.730Z] [INFO] ==================================================
[2026-08-29T07:14:30.730Z] [INFO] MediKiosk Hospital Intake Server running on port 3000
[2026-08-29T07:14:30.731Z] [INFO] Kiosk URL:   http://localhost:3000/kiosk
[2026-08-29T07:14:30.731Z] [INFO] Staff Portal: http://localhost:3000/staff/dashboard
[2026-08-29T07:14:30.731Z] [INFO] Doctor Queue: http://localhost:3000/doctor/queue
[2026-08-29T07:14:30.732Z] [INFO] Admin Portal: http://localhost:3000/admin/dashboard
[2026-08-29T07:14:30.733Z] [INFO] Pharmacy:     http://localhost:3000/pharmacy
[2026-08-29T07:14:30.733Z] [INFO] ==================================================
[2026-08-29T07:17:30.928Z] [INFO] MongoDB Connected successfully to: mongodb://127.0.0.1:27017/medikiosk
[2026-08-29T07:17:30.969Z] [INFO] Resetting users with clean single-hashed passwords...
[2026-08-29T07:17:31.324Z] [INFO] Created 5 verified user accounts (Admin, Doctors, Staff, Pharmacist).
[2026-08-29T07:17:31.332Z] [INFO] Database seeding & sample consultation/pharmacy records verified.
[2026-08-29T07:17:31.339Z] [INFO] ==================================================
[2026-08-29T07:17:31.340Z] [INFO] MediKiosk Hospital Intake Server running on port 3000
[2026-08-29T07:17:31.341Z] [INFO] Kiosk URL:   http://localhost:3000/kiosk
[2026-08-29T07:17:31.342Z] [INFO] Staff Portal: http://localhost:3000/staff/dashboard
[2026-08-29T07:17:31.343Z] [INFO] Doctor Queue: http://localhost:3000/doctor/queue
[2026-08-29T07:17:31.344Z] [INFO] Admin Portal: http://localhost:3000/admin/dashboard
[2026-08-29T07:17:31.345Z] [INFO] Pharmacy:     http://localhost:3000/pharmacy
[2026-08-29T07:17:31.346Z] [INFO] ==================================================
[2026-08-29T07:17:46.275Z] [INFO] MongoDB Connected successfully to: mongodb://127.0.0.1:27017/medikiosk
[2026-08-29T07:17:46.322Z] [INFO] Resetting users with clean single-hashed passwords...
[2026-08-29T07:17:46.697Z] [INFO] Created 5 verified user accounts (Admin, Doctors, Staff, Pharmacist).
[2026-08-29T07:17:46.700Z] [INFO] Database seeding & sample consultation/pharmacy records verified.
[2026-08-29T07:17:46.702Z] [WARN] Port 3000 is occupied by another process. Automatically switching to fallback port 3001...
[2026-08-29T07:17:46.704Z] [INFO] ==================================================
[2026-08-29T07:17:46.704Z] [INFO] MediKiosk Hospital Intake Server running on port 3001
[2026-08-29T07:17:46.705Z] [INFO] Kiosk URL:   http://localhost:3001/kiosk
[2026-08-29T07:17:46.706Z] [INFO] Staff Portal: http://localhost:3001/staff/dashboard
[2026-08-29T07:17:46.706Z] [INFO] Doctor Queue: http://localhost:3001/doctor/queue
[2026-08-29T07:17:46.707Z] [INFO] Admin Portal: http://localhost:3001/admin/dashboard
[2026-08-29T07:17:46.709Z] [INFO] Pharmacy:     http://localhost:3001/pharmacy
[2026-08-29T07:17:46.712Z] [INFO] ==================================================
[2026-08-29T07:17:46.713Z] [INFO] ==================================================
[2026-08-29T07:17:46.714Z] [INFO] MediKiosk Hospital Intake Server running on port 3001
[2026-08-29T07:17:46.714Z] [INFO] Kiosk URL:   http://localhost:3001/kiosk
[2026-08-29T07:17:46.715Z] [INFO] Staff Portal: http://localhost:3001/staff/dashboard
[2026-08-29T07:17:46.715Z] [INFO] Doctor Queue: http://localhost:3001/doctor/queue
[2026-08-29T07:17:46.716Z] [INFO] Admin Portal: http://localhost:3001/admin/dashboard
[2026-08-29T07:17:46.716Z] [INFO] Pharmacy:     http://localhost:3001/pharmacy
[2026-08-29T07:17:46.716Z] [INFO] ==================================================
[2026-08-29T07:28:39.464Z] [INFO] MongoDB Connected successfully to: mongodb://127.0.0.1:27017/medikiosk
[2026-08-29T07:28:39.497Z] [INFO] Resetting users with clean single-hashed passwords...
[2026-08-29T07:28:39.884Z] [INFO] Created 5 verified user accounts (Admin, Doctors, Staff, Pharmacist).
[2026-08-29T07:28:39.889Z] [INFO] Database seeding & sample consultation/pharmacy records verified.
[2026-08-29T07:28:39.892Z] [INFO] ==================================================
[2026-08-29T07:28:39.892Z] [INFO] MediKiosk Hospital Intake Server running on port 3000
[2026-08-29T07:28:39.893Z] [INFO] Kiosk URL:   http://localhost:3000/kiosk
[2026-08-29T07:28:39.893Z] [INFO] Staff Portal: http://localhost:3000/staff/dashboard
[2026-08-29T07:28:39.893Z] [INFO] Doctor Queue: http://localhost:3000/doctor/queue
[2026-08-29T07:28:39.894Z] [INFO] Admin Portal: http://localhost:3000/admin/dashboard
[2026-08-29T07:28:39.894Z] [INFO] Pharmacy:     http://localhost:3000/pharmacy
[2026-08-29T07:28:39.894Z] [INFO] ==================================================
[2026-08-29T07:29:40.069Z] [INFO] MongoDB Connected successfully to: mongodb://127.0.0.1:27017/medikiosk
[2026-08-29T07:29:40.149Z] [INFO] Resetting users with clean single-hashed passwords...
[2026-08-29T07:29:40.800Z] [INFO] Created 5 verified user accounts (Admin, Doctors, Staff, Pharmacist).
[2026-08-29T07:29:40.806Z] [INFO] Database seeding & sample consultation/pharmacy records verified.
[2026-08-29T07:29:40.812Z] [INFO] ==================================================
[2026-08-29T07:29:40.813Z] [INFO] MediKiosk Hospital Intake Server running on port 3000
[2026-08-29T07:29:40.813Z] [INFO] Kiosk URL:   http://localhost:3000/kiosk
[2026-08-29T07:29:40.814Z] [INFO] Staff Portal: http://localhost:3000/staff/dashboard
[2026-08-29T07:29:40.814Z] [INFO] Doctor Queue: http://localhost:3000/doctor/queue
[2026-08-29T07:29:40.815Z] [INFO] Admin Portal: http://localhost:3000/admin/dashboard
[2026-08-29T07:29:40.815Z] [INFO] Pharmacy:     http://localhost:3000/pharmacy
[2026-08-29T07:29:40.816Z] [INFO] ==================================================
[2026-08-29T07:33:16.873Z] [INFO] MongoDB Connected successfully to: mongodb+srv://mistu3490_db_user:xumLe03uMHx6uzzB@cluster0.71htlre.mongodb.net/medikiosk
[2026-08-29T07:33:17.845Z] [INFO] Resetting users with clean single-hashed passwords...
[2026-08-29T07:33:18.791Z] [INFO] Created 5 verified user accounts (Admin, Doctors, Staff, Pharmacist).
[2026-08-29T07:33:18.970Z] [INFO] ==================================================
[2026-08-29T07:33:18.975Z] [INFO] MediKiosk Hospital Intake Server running on port 3000
[2026-08-29T07:33:18.990Z] [INFO] Kiosk URL:   http://localhost:3000/kiosk
[2026-08-29T07:33:18.993Z] [INFO] Staff Portal: http://localhost:3000/staff/dashboard
[2026-08-29T07:33:18.998Z] [INFO] Doctor Queue: http://localhost:3000/doctor/queue
[2026-08-29T07:33:19.012Z] [INFO] Admin Portal: http://localhost:3000/admin/dashboard
[2026-08-29T07:33:19.026Z] [INFO] Pharmacy:     http://localhost:3000/pharmacy
[2026-08-29T07:33:19.030Z] [INFO] ==================================================
[2026-08-29T07:34:13.158Z] [INFO] MongoDB Connected successfully to: mongodb+srv://mistu3490_db_user:xumLe03uMHx6uzzB@cluster0.71htlre.mongodb.net/medikiosk
[2026-08-29T07:34:14.158Z] [INFO] Resetting users with clean single-hashed passwords...
[2026-08-29T07:34:14.940Z] [INFO] Created 5 verified user accounts (Admin, Doctors, Staff, Pharmacist).
[2026-08-29T07:34:15.019Z] [INFO] Database seeding & sample consultation/pharmacy records verified.
[2026-08-29T07:34:15.024Z] [INFO] ==================================================
[2026-08-29T07:34:15.025Z] [INFO] MediKiosk Hospital Intake Server running on port 3000
[2026-08-29T07:34:15.026Z] [INFO] Kiosk URL:   http://localhost:3000/kiosk
[2026-08-29T07:34:15.027Z] [INFO] Staff Portal: http://localhost:3000/staff/dashboard
[2026-08-29T07:34:15.028Z] [INFO] Doctor Queue: http://localhost:3000/doctor/queue
[2026-08-29T07:34:15.029Z] [INFO] Admin Portal: http://localhost:3000/admin/dashboard
[2026-08-29T07:34:15.030Z] [INFO] Pharmacy:     http://localhost:3000/pharmacy
[2026-08-29T07:34:15.031Z] [INFO] ==================================================
[2026-08-29T07:34:24.995Z] [INFO] MongoDB Connected successfully to: mongodb+srv://mistu3490_db_user:xumLe03uMHx6uzzB@cluster0.71htlre.mongodb.net/medikiosk
[2026-08-29T07:34:26.011Z] [INFO] Resetting users with clean single-hashed passwords...
[2026-08-29T07:34:27.229Z] [INFO] Created 5 verified user accounts (Admin, Doctors, Staff, Pharmacist).
[2026-08-29T07:34:27.322Z] [INFO] Database seeding & sample consultation/pharmacy records verified.
[2026-08-29T07:34:27.348Z] [INFO] ==================================================
[2026-08-29T07:34:27.355Z] [INFO] MediKiosk Hospital Intake Server running on port 3000
[2026-08-29T07:34:27.358Z] [INFO] Kiosk URL:   http://localhost:3000/kiosk
[2026-08-29T07:34:27.361Z] [INFO] Staff Portal: http://localhost:3000/staff/dashboard
[2026-08-29T07:34:27.365Z] [INFO] Doctor Queue: http://localhost:3000/doctor/queue
[2026-08-29T07:34:27.379Z] [INFO] Admin Portal: http://localhost:3000/admin/dashboard
[2026-08-29T07:34:27.387Z] [INFO] Pharmacy:     http://localhost:3000/pharmacy
[2026-08-29T07:34:27.401Z] [INFO] ==================================================
[2026-08-29T07:35:03.547Z] [INFO] MongoDB Connected successfully to: mongodb+srv://mistu3490_db_user:xumLe03uMHx6uzzB@cluster0.71htlre.mongodb.net/medikiosk
[2026-08-29T07:35:04.626Z] [INFO] Resetting users with clean single-hashed passwords...
[2026-08-29T07:35:05.543Z] [INFO] Created 5 verified user accounts (Admin, Doctors, Staff, Pharmacist).
[2026-08-29T07:35:05.628Z] [INFO] Database seeding & sample consultation/pharmacy records verified.
[2026-08-29T07:35:05.632Z] [INFO] ==================================================
[2026-08-29T07:35:05.634Z] [INFO] MediKiosk Hospital Intake Server running on port 3000
[2026-08-29T07:35:05.635Z] [INFO] Kiosk URL:   http://localhost:3000/kiosk
[2026-08-29T07:35:05.636Z] [INFO] Staff Portal: http://localhost:3000/staff/dashboard
[2026-08-29T07:35:05.637Z] [INFO] Doctor Queue: http://localhost:3000/doctor/queue
[2026-08-29T07:35:05.637Z] [INFO] Admin Portal: http://localhost:3000/admin/dashboard
[2026-08-29T07:35:05.638Z] [INFO] Pharmacy:     http://localhost:3000/pharmacy
[2026-08-29T07:35:05.640Z] [INFO] ==================================================
[2026-08-29T07:36:05.961Z] [INFO] MongoDB Connected successfully to: mongodb+srv://mistu3490_db_user:xumLe03uMHx6uzzB@cluster0.71htlre.mongodb.net/medikiosk
[2026-08-29T07:36:06.994Z] [INFO] Resetting users with clean single-hashed passwords...
[2026-08-29T07:36:08.273Z] [INFO] Created 5 verified user accounts (Admin, Doctors, Staff, Pharmacist).
[2026-08-29T07:36:08.370Z] [INFO] Database seeding & sample consultation/pharmacy records verified.
[2026-08-29T07:36:08.392Z] [INFO] ==================================================
[2026-08-29T07:36:08.396Z] [INFO] MediKiosk Hospital Intake Server running on port 3000
[2026-08-29T07:36:08.409Z] [INFO] Kiosk URL:   http://localhost:3000/kiosk
[2026-08-29T07:36:08.417Z] [INFO] Staff Portal: http://localhost:3000/staff/dashboard
[2026-08-29T07:36:08.436Z] [INFO] Doctor Queue: http://localhost:3000/doctor/queue
[2026-08-29T07:36:08.456Z] [INFO] Admin Portal: http://localhost:3000/admin/dashboard
[2026-08-29T07:36:08.465Z] [INFO] Pharmacy:     http://localhost:3000/pharmacy
[2026-08-29T07:36:08.484Z] [INFO] ==================================================
[2026-08-29T07:36:23.866Z] [INFO] MongoDB Connected successfully to: mongodb+srv://mistu3490_db_user:xumLe03uMHx6uzzB@cluster0.71htlre.mongodb.net/medikiosk
[2026-08-29T07:36:24.424Z] [INFO] Resetting users with clean single-hashed passwords...
[2026-08-29T07:36:25.346Z] [INFO] Created 5 verified user accounts (Admin, Doctors, Staff, Pharmacist).
[2026-08-29T07:36:25.430Z] [INFO] Database seeding & sample consultation/pharmacy records verified.
[2026-08-29T07:36:25.436Z] [INFO] ==================================================
[2026-08-29T07:36:25.437Z] [INFO] MediKiosk Hospital Intake Server running on port 3000
[2026-08-29T07:36:25.438Z] [INFO] Kiosk URL:   http://localhost:3000/kiosk
[2026-08-29T07:36:25.439Z] [INFO] Staff Portal: http://localhost:3000/staff/dashboard
[2026-08-29T07:36:25.440Z] [INFO] Doctor Queue: http://localhost:3000/doctor/queue
[2026-08-29T07:36:25.442Z] [INFO] Admin Portal: http://localhost:3000/admin/dashboard
[2026-08-29T07:36:25.443Z] [INFO] Pharmacy:     http://localhost:3000/pharmacy
[2026-08-29T07:36:25.445Z] [INFO] ==================================================
[2026-08-29T07:37:11.560Z] [INFO] MongoDB Connected successfully to: mongodb+srv://mistu3490_db_user:xumLe03uMHx6uzzB@cluster0.71htlre.mongodb.net/medikiosk
[2026-08-29T07:37:12.519Z] [INFO] Resetting users with clean single-hashed passwords...
[2026-08-29T07:37:13.556Z] [INFO] Created 5 verified user accounts (Admin, Doctors, Staff, Pharmacist).
[2026-08-29T07:37:13.632Z] [INFO] Database seeding & sample consultation/pharmacy records verified.
[2026-08-29T07:37:13.635Z] [INFO] ==================================================
[2026-08-29T07:37:13.636Z] [INFO] MediKiosk Hospital Intake Server running on port 3000
[2026-08-29T07:37:13.636Z] [INFO] Kiosk URL:   http://localhost:3000/kiosk
[2026-08-29T07:37:13.637Z] [INFO] Staff Portal: http://localhost:3000/staff/dashboard
[2026-08-29T07:37:13.637Z] [INFO] Doctor Queue: http://localhost:3000/doctor/queue
[2026-08-29T07:37:13.638Z] [INFO] Admin Portal: http://localhost:3000/admin/dashboard
[2026-08-29T07:37:13.638Z] [INFO] Pharmacy:     http://localhost:3000/pharmacy
[2026-08-29T07:37:13.638Z] [INFO] ==================================================
[2026-08-29T07:40:17.865Z] [INFO] MongoDB Connected successfully to: mongodb+srv://mistu3490_db_user:xumLe03uMHx6uzzB@cluster0.71htlre.mongodb.net/medikiosk
[2026-08-29T07:40:18.892Z] [INFO] Resetting users with clean single-hashed passwords...
[2026-08-29T07:40:20.000Z] [INFO] Created 5 verified user accounts (Admin, Doctors, Staff, Pharmacist).
[2026-08-29T07:40:20.102Z] [INFO] Database seeding & sample consultation/pharmacy records verified.
[2026-08-29T07:40:20.114Z] [INFO] ==================================================
[2026-08-29T07:40:20.115Z] [INFO] MediKiosk Hospital Intake Server running on port 3000
[2026-08-29T07:40:20.119Z] [INFO] Kiosk URL:   http://localhost:3000/kiosk
[2026-08-29T07:40:20.121Z] [INFO] Staff Portal: http://localhost:3000/staff/dashboard
[2026-08-29T07:40:20.122Z] [INFO] Doctor Queue: http://localhost:3000/doctor/queue
[2026-08-29T07:40:20.124Z] [INFO] Admin Portal: http://localhost:3000/admin/dashboard
[2026-08-29T07:40:20.125Z] [INFO] Pharmacy:     http://localhost:3000/pharmacy
[2026-08-29T07:40:20.126Z] [INFO] ==================================================
[2026-08-29T07:40:43.476Z] [INFO] MongoDB Connected successfully to: mongodb+srv://mistu3490_db_user:xumLe03uMHx6uzzB@cluster0.71htlre.mongodb.net/medikiosk
[2026-08-29T07:40:44.015Z] [INFO] Resetting users with clean single-hashed passwords...
[2026-08-29T07:40:44.846Z] [INFO] Created 5 verified user accounts (Admin, Doctors, Staff, Pharmacist).
[2026-08-29T07:40:44.935Z] [INFO] Database seeding & sample consultation/pharmacy records verified.
[2026-08-29T07:40:44.940Z] [WARN] Port 3000 is occupied by another process. Automatically switching to fallback port 3001...
[2026-08-29T07:40:44.942Z] [INFO] ==================================================
[2026-08-29T07:40:44.943Z] [INFO] MediKiosk Hospital Intake Server running on port 3001
[2026-08-29T07:40:44.944Z] [INFO] Kiosk URL:   http://localhost:3001/kiosk
[2026-08-29T07:40:44.944Z] [INFO] Staff Portal: http://localhost:3001/staff/dashboard
[2026-08-29T07:40:44.945Z] [INFO] Doctor Queue: http://localhost:3001/doctor/queue
[2026-08-29T07:40:44.946Z] [INFO] Admin Portal: http://localhost:3001/admin/dashboard
[2026-08-29T07:40:44.947Z] [INFO] Pharmacy:     http://localhost:3001/pharmacy
[2026-08-29T07:40:44.948Z] [INFO] ==================================================
[2026-08-29T07:40:44.950Z] [INFO] ==================================================
[2026-08-29T07:40:44.952Z] [INFO] MediKiosk Hospital Intake Server running on port 3001
[2026-08-29T07:40:44.953Z] [INFO] Kiosk URL:   http://localhost:3001/kiosk
[2026-08-29T07:40:44.953Z] [INFO] Staff Portal: http://localhost:3001/staff/dashboard
[2026-08-29T07:40:44.954Z] [INFO] Doctor Queue: http://localhost:3001/doctor/queue
[2026-08-29T07:40:44.954Z] [INFO] Admin Portal: http://localhost:3001/admin/dashboard
[2026-08-29T07:40:44.955Z] [INFO] Pharmacy:     http://localhost:3001/pharmacy
[2026-08-29T07:40:44.955Z] [INFO] ==================================================
[2026-08-29T07:41:07.503Z] [INFO] MongoDB Connected successfully to: mongodb+srv://mistu3490_db_user:xumLe03uMHx6uzzB@cluster0.71htlre.mongodb.net/medikiosk
[2026-08-29T07:41:08.467Z] [INFO] Resetting users with clean single-hashed passwords...
[2026-08-29T07:41:09.544Z] [INFO] Created 5 verified user accounts (Admin, Doctors, Staff, Pharmacist).
[2026-08-29T07:41:09.635Z] [INFO] Database seeding & sample consultation/pharmacy records verified.
[2026-08-29T07:41:09.648Z] [INFO] ==================================================
[2026-08-29T07:41:09.649Z] [INFO] MediKiosk Hospital Intake Server running on port 3000
[2026-08-29T07:41:09.650Z] [INFO] Kiosk URL:   http://localhost:3000/kiosk
[2026-08-29T07:41:09.653Z] [INFO] Staff Portal: http://localhost:3000/staff/dashboard
[2026-08-29T07:41:09.655Z] [INFO] Doctor Queue: http://localhost:3000/doctor/queue
[2026-08-29T07:41:09.656Z] [INFO] Admin Portal: http://localhost:3000/admin/dashboard
[2026-08-29T07:41:09.657Z] [INFO] Pharmacy:     http://localhost:3000/pharmacy
[2026-08-29T07:41:09.660Z] [INFO] ==================================================
[2026-08-29T07:42:29.485Z] [INFO] MongoDB Connected successfully to: mongodb+srv://mistu3490_db_user:xumLe03uMHx6uzzB@cluster0.71htlre.mongodb.net/medikiosk
[2026-08-29T07:42:30.039Z] [INFO] Resetting users with clean single-hashed passwords...
[2026-08-29T07:42:31.061Z] [INFO] Created 5 verified user accounts (Admin, Doctors, Staff, Pharmacist).
[2026-08-29T07:42:31.134Z] [INFO] Database seeding & sample consultation/pharmacy records verified.
[2026-08-29T07:42:31.142Z] [INFO] ==================================================
[2026-08-29T07:42:31.144Z] [INFO] MediKiosk Hospital Intake Server running on port 3000
[2026-08-29T07:42:31.146Z] [INFO] Kiosk URL:   http://localhost:3000/kiosk
[2026-08-29T07:42:31.146Z] [INFO] Staff Portal: http://localhost:3000/staff/dashboard
[2026-08-29T07:42:31.151Z] [INFO] Doctor Queue: http://localhost:3000/doctor/queue
[2026-08-29T07:42:31.155Z] [INFO] Admin Portal: http://localhost:3000/admin/dashboard
[2026-08-29T07:42:31.156Z] [INFO] Pharmacy:     http://localhost:3000/pharmacy
[2026-08-29T07:42:31.161Z] [INFO] ==================================================
[2026-08-29T07:44:02.801Z] [INFO] MongoDB Connected successfully to: mongodb+srv://mistu3490_db_user:xumLe03uMHx6uzzB@cluster0.71htlre.mongodb.net/medikiosk
[2026-08-29T07:44:03.330Z] [INFO] Resetting users with clean single-hashed passwords...
[2026-08-29T07:44:04.276Z] [INFO] Created 5 verified user accounts (Admin, Doctors, Staff, Pharmacist).
[2026-08-29T07:44:04.352Z] [INFO] Database seeding & sample consultation/pharmacy records verified.
[2026-08-29T07:44:04.356Z] [INFO] ==================================================
[2026-08-29T07:44:04.357Z] [INFO] MediKiosk Hospital Intake Server running on port 3000
[2026-08-29T07:44:04.357Z] [INFO] Kiosk URL:   http://localhost:3000/kiosk
[2026-08-29T07:44:04.358Z] [INFO] Staff Portal: http://localhost:3000/staff/dashboard
[2026-08-29T07:44:04.358Z] [INFO] Doctor Queue: http://localhost:3000/doctor/queue
[2026-08-29T07:44:04.359Z] [INFO] Admin Portal: http://localhost:3000/admin/dashboard
[2026-08-29T07:44:04.359Z] [INFO] Pharmacy:     http://localhost:3000/pharmacy
[2026-08-29T07:44:04.360Z] [INFO] ==================================================
[2026-08-29T09:48:18.444Z] [INFO] MongoDB Connected successfully to: mongodb+srv://mistu3490_db_user:xumLe03uMHx6uzzB@cluster0.71htlre.mongodb.net/medikiosk
[2026-08-29T09:48:19.381Z] [INFO] Resetting users with clean single-hashed passwords...
[2026-08-29T09:48:20.111Z] [INFO] Created 5 verified user accounts (Admin, Doctors, Staff, Pharmacist).
[2026-08-29T09:48:20.211Z] [INFO] Database seeding & sample consultation/pharmacy records verified.
[2026-08-29T09:48:20.219Z] [INFO] ==================================================
[2026-08-29T09:48:20.219Z] [INFO] MediKiosk Hospital Intake Server running on port 3000
[2026-08-29T09:48:20.223Z] [INFO] Kiosk URL:   http://localhost:3000/kiosk
[2026-08-29T09:48:20.225Z] [INFO] Staff Portal: http://localhost:3000/staff/dashboard
[2026-08-29T09:48:20.227Z] [INFO] Doctor Queue: http://localhost:3000/doctor/queue
[2026-08-29T09:48:20.235Z] [INFO] Admin Portal: http://localhost:3000/admin/dashboard
[2026-08-29T09:48:20.239Z] [INFO] Pharmacy:     http://localhost:3000/pharmacy
[2026-08-29T09:48:20.240Z] [INFO] ==================================================
[2026-08-29T09:55:29.851Z] [INFO] ========================================
[2026-08-29T09:55:29.852Z] [INFO] ✅ MongoDB Connected Successfully
[2026-08-29T09:55:29.858Z] [INFO] Host: ac-nec47jq-shard-00-01.71htlre.mongodb.net
[2026-08-29T09:55:29.858Z] [INFO] Database: medikiosk
[2026-08-29T09:55:29.859Z] [INFO] ========================================
[2026-08-29T09:55:30.856Z] [INFO] Resetting users with clean single-hashed passwords...
[2026-08-29T09:55:31.660Z] [INFO] Created 5 verified user accounts (Admin, Doctors, Staff, Pharmacist).
[2026-08-29T09:55:31.744Z] [INFO] Database seeding & sample consultation/pharmacy records verified.
[2026-08-29T09:55:31.748Z] [INFO] ==================================================
[2026-08-29T09:55:31.748Z] [INFO] MediKiosk Hospital Intake Server running on port 3000
[2026-08-29T09:55:31.749Z] [INFO] Kiosk URL:   http://localhost:3000/kiosk
[2026-08-29T09:55:31.749Z] [INFO] Staff Portal: http://localhost:3000/staff/dashboard
[2026-08-29T09:55:31.750Z] [INFO] Doctor Queue: http://localhost:3000/doctor/queue
[2026-08-29T09:55:31.751Z] [INFO] Admin Portal: http://localhost:3000/admin/dashboard
[2026-08-29T09:55:31.751Z] [INFO] Pharmacy:     http://localhost:3000/pharmacy
[2026-08-29T09:55:31.752Z] [INFO] ==================================================
[2026-08-29T10:03:33.080Z] [INFO] ========================================
[2026-08-29T10:03:33.081Z] [INFO] ✅ MongoDB Connected Successfully
[2026-08-29T10:03:33.082Z] [INFO] Host: ac-nec47jq-shard-00-00.71htlre.mongodb.net
[2026-08-29T10:03:33.082Z] [INFO] Database: medikiosk
[2026-08-29T10:03:33.083Z] [INFO] ========================================
[2026-08-29T10:03:34.064Z] [INFO] Resetting users with clean single-hashed passwords...
[2026-08-29T10:03:34.838Z] [INFO] Created 5 verified user accounts (Admin, Doctors, Staff, Pharmacist).
[2026-08-29T10:03:34.918Z] [INFO] Database seeding & sample consultation/pharmacy records verified.
[2026-08-29T10:03:34.923Z] [INFO] ==================================================
[2026-08-29T10:03:34.924Z] [INFO] MediKiosk Hospital Intake Server running on port 3000
[2026-08-29T10:03:34.926Z] [INFO] Kiosk URL:   http://localhost:3000/kiosk
[2026-08-29T10:03:34.927Z] [INFO] Staff Portal: http://localhost:3000/staff/dashboard
[2026-08-29T10:03:34.928Z] [INFO] Doctor Queue: http://localhost:3000/doctor/queue
[2026-08-29T10:03:34.929Z] [INFO] Admin Portal: http://localhost:3000/admin/dashboard
[2026-08-29T10:03:34.930Z] [INFO] Pharmacy:     http://localhost:3000/pharmacy
[2026-08-29T10:03:34.931Z] [INFO] ==================================================
[2026-08-29T10:04:21.508Z] [INFO] ========================================
[2026-08-29T10:04:21.510Z] [INFO] ✅ MongoDB Connected Successfully
[2026-08-29T10:04:21.510Z] [INFO] Host: ac-nec47jq-shard-00-00.71htlre.mongodb.net
[2026-08-29T10:04:21.511Z] [INFO] Database: medikiosk
[2026-08-29T10:04:21.511Z] [INFO] ========================================
[2026-08-29T10:04:22.474Z] [INFO] Resetting users with clean single-hashed passwords...
[2026-08-29T10:04:23.528Z] [INFO] Created 5 verified user accounts (Admin, Doctors, Staff, Pharmacist).
[2026-08-29T10:04:23.625Z] [INFO] Database seeding & sample consultation/pharmacy records verified.
[2026-08-29T10:04:23.637Z] [INFO] ==================================================
[2026-08-29T10:04:23.641Z] [INFO] MediKiosk Hospital Intake Server running on port 3000
[2026-08-29T10:04:23.646Z] [INFO] Kiosk URL:   http://localhost:3000/kiosk
[2026-08-29T10:04:23.661Z] [INFO] Staff Portal: http://localhost:3000/staff/dashboard
[2026-08-29T10:04:23.677Z] [INFO] Doctor Queue: http://localhost:3000/doctor/queue
[2026-08-29T10:04:23.683Z] [INFO] Admin Portal: http://localhost:3000/admin/dashboard
[2026-08-29T10:04:23.699Z] [INFO] Pharmacy:     http://localhost:3000/pharmacy
[2026-08-29T10:04:23.711Z] [INFO] ==================================================
[2026-08-29T10:05:53.405Z] [INFO] ========================================
[2026-08-29T10:05:53.407Z] [INFO] ✅ MongoDB Connected Successfully
[2026-08-29T10:05:53.408Z] [INFO] Host: ac-nec47jq-shard-00-01.71htlre.mongodb.net
[2026-08-29T10:05:53.409Z] [INFO] Database: medikiosk
[2026-08-29T10:05:53.410Z] [INFO] ========================================
[2026-08-29T10:05:54.397Z] [INFO] Resetting users with clean single-hashed passwords...
[2026-08-29T10:05:55.152Z] [INFO] Created 5 verified user accounts (Admin, Doctors, Staff, Pharmacist).
[2026-08-29T10:05:55.232Z] [INFO] Database seeding & sample consultation/pharmacy records verified.
[2026-08-29T10:06:31.825Z] [INFO] ========================================
[2026-08-29T10:06:31.826Z] [INFO] ✅ MongoDB Connected Successfully
[2026-08-29T10:06:31.826Z] [INFO] Host: ac-nec47jq-shard-00-00.71htlre.mongodb.net
[2026-08-29T10:06:31.827Z] [INFO] Database: medikiosk
[2026-08-29T10:06:31.827Z] [INFO] ========================================
[2026-08-29T10:06:32.790Z] [INFO] Resetting users with clean single-hashed passwords...
[2026-08-29T10:06:33.614Z] [INFO] Created 5 verified user accounts (Admin, Doctors, Staff, Pharmacist).
[2026-08-29T10:06:33.694Z] [INFO] Database seeding & sample consultation/pharmacy records verified.
[2026-08-29T10:06:33.697Z] [INFO] ==================================================
[2026-08-29T10:06:33.699Z] [INFO] MediKiosk Hospital Intake Server running on port 3000
[2026-08-29T10:06:33.700Z] [INFO] Kiosk URL:   http://localhost:3000/kiosk
[2026-08-29T10:06:33.701Z] [INFO] Staff Portal: http://localhost:3000/staff/dashboard
[2026-08-29T10:06:33.702Z] [INFO] Doctor Queue: http://localhost:3000/doctor/queue
[2026-08-29T10:06:33.703Z] [INFO] Admin Portal: http://localhost:3000/admin/dashboard
[2026-08-29T10:06:33.705Z] [INFO] Pharmacy:     http://localhost:3000/pharmacy
[2026-08-29T10:06:33.706Z] [INFO] ==================================================
[2026-08-29T10:09:28.067Z] [INFO] ========================================
[2026-08-29T10:09:28.068Z] [INFO] ✅ MongoDB Connected Successfully
[2026-08-29T10:09:28.069Z] [INFO] Host: ac-nec47jq-shard-00-02.71htlre.mongodb.net
[2026-08-29T10:09:28.070Z] [INFO] Database: medikiosk
[2026-08-29T10:09:28.071Z] [INFO] ========================================
[2026-08-29T10:09:28.573Z] [INFO] Resetting users with clean single-hashed passwords...
[2026-08-29T10:09:29.357Z] [INFO] Created 5 verified user accounts (Admin, Doctors, Staff, Pharmacist).
[2026-08-29T10:09:29.442Z] [INFO] Database seeding & sample consultation/pharmacy records verified.
[2026-08-29T10:09:29.452Z] [INFO] ==================================================
[2026-08-29T10:09:29.457Z] [INFO] MediKiosk Hospital Intake Server running on port 3000
[2026-08-29T10:09:29.459Z] [INFO] Kiosk URL:   http://localhost:3000/kiosk
[2026-08-29T10:09:29.463Z] [INFO] Staff Portal: http://localhost:3000/staff/dashboard
[2026-08-29T10:09:29.465Z] [INFO] Doctor Queue: http://localhost:3000/doctor/queue
[2026-08-29T10:09:29.466Z] [INFO] Admin Portal: http://localhost:3000/admin/dashboard
[2026-08-29T10:09:29.467Z] [INFO] Pharmacy:     http://localhost:3000/pharmacy
[2026-08-29T10:09:29.468Z] [INFO] ==================================================
[2026-08-29T10:10:41.149Z] [INFO] ========================================
[2026-08-29T10:10:41.158Z] [INFO] ✅ MongoDB Connected Successfully
[2026-08-29T10:10:41.168Z] [INFO] Host: ac-nec47jq-shard-00-01.71htlre.mongodb.net
[2026-08-29T10:10:41.183Z] [INFO] Database: medikiosk
[2026-08-29T10:10:41.200Z] [INFO] ========================================
[2026-08-29T10:10:42.165Z] [INFO] Resetting users with clean single-hashed passwords...
[2026-08-29T10:10:43.150Z] [INFO] Created 5 verified user accounts (Admin, Doctors, Staff, Pharmacist).
[2026-08-29T10:10:43.250Z] [INFO] Database seeding & sample consultation/pharmacy records verified.
[2026-08-29T10:10:43.258Z] [INFO] ==================================================
[2026-08-29T10:10:43.261Z] [INFO] MediKiosk Hospital Intake Server running on port 3000
[2026-08-29T10:10:43.267Z] [INFO] Kiosk URL:   http://localhost:3000/kiosk
[2026-08-29T10:10:43.280Z] [INFO] Staff Portal: http://localhost:3000/staff/dashboard
[2026-08-29T10:10:43.289Z] [INFO] Doctor Queue: http://localhost:3000/doctor/queue
[2026-08-29T10:10:43.306Z] [INFO] Admin Portal: http://localhost:3000/admin/dashboard
[2026-08-29T10:10:43.315Z] [INFO] Pharmacy:     http://localhost:3000/pharmacy
[2026-08-29T10:10:43.323Z] [INFO] ==================================================
[2026-08-29T10:12:21.928Z] [INFO] ========================================
[2026-08-29T10:12:21.931Z] [INFO] ✅ MongoDB Connected Successfully
[2026-08-29T10:12:21.937Z] [INFO] Host: ac-nec47jq-shard-00-00.71htlre.mongodb.net
[2026-08-29T10:12:21.940Z] [INFO] Database: medikiosk
[2026-08-29T10:12:21.945Z] [INFO] ========================================
[2026-08-29T10:12:22.961Z] [INFO] Resetting users with clean single-hashed passwords...
[2026-08-29T10:12:24.037Z] [INFO] Created 5 verified user accounts (Admin, Doctors, Staff, Pharmacist).
[2026-08-29T10:12:24.130Z] [INFO] Database seeding & sample consultation/pharmacy records verified.
[2026-08-29T10:12:24.152Z] [INFO] ==================================================
[2026-08-29T10:12:24.162Z] [INFO] MediKiosk Hospital Intake Server running on port 3000
[2026-08-29T10:12:24.165Z] [INFO] Kiosk URL:   http://localhost:3000/kiosk
[2026-08-29T10:12:24.170Z] [INFO] Staff Portal: http://localhost:3000/staff/dashboard
[2026-08-29T10:12:24.174Z] [INFO] Doctor Queue: http://localhost:3000/doctor/queue
[2026-08-29T10:12:24.177Z] [INFO] Admin Portal: http://localhost:3000/admin/dashboard
[2026-08-29T10:12:24.190Z] [INFO] Pharmacy:     http://localhost:3000/pharmacy
[2026-08-29T10:12:24.205Z] [INFO] ==================================================
[2026-08-29T10:14:44.765Z] [INFO] ========================================
[2026-08-29T10:14:44.767Z] [INFO] ✅ MongoDB Connected Successfully
[2026-08-29T10:14:44.768Z] [INFO] Host: ac-nec47jq-shard-00-02.71htlre.mongodb.net
[2026-08-29T10:14:44.768Z] [INFO] Database: medikiosk
[2026-08-29T10:14:44.769Z] [INFO] ========================================
[2026-08-29T10:14:45.743Z] [INFO] Resetting users with clean single-hashed passwords...
[2026-08-29T10:14:46.881Z] [INFO] Created 5 verified user accounts (Admin, Doctors, Staff, Pharmacist).
[2026-08-29T10:14:46.980Z] [INFO] Database seeding & sample consultation/pharmacy records verified.
[2026-08-29T10:14:46.998Z] [INFO] ==================================================
[2026-08-29T10:14:47.015Z] [INFO] MediKiosk Hospital Intake Server running on port 3000
[2026-08-29T10:14:47.023Z] [INFO] Kiosk URL:   http://localhost:3000/kiosk
[2026-08-29T10:14:47.032Z] [INFO] Staff Portal: http://localhost:3000/staff/dashboard
[2026-08-29T10:14:47.045Z] [INFO] Doctor Queue: http://localhost:3000/doctor/queue
[2026-08-29T10:14:47.065Z] [INFO] Admin Portal: http://localhost:3000/admin/dashboard
[2026-08-29T10:14:47.104Z] [INFO] Pharmacy:     http://localhost:3000/pharmacy
[2026-08-29T10:14:47.139Z] [INFO] ==================================================
[2026-08-29T10:15:04.782Z] [INFO] ========================================
[2026-08-29T10:15:04.784Z] [INFO] ✅ MongoDB Connected Successfully
[2026-08-29T10:15:04.784Z] [INFO] Host: ac-nec47jq-shard-00-02.71htlre.mongodb.net
[2026-08-29T10:15:04.785Z] [INFO] Database: medikiosk
[2026-08-29T10:15:04.786Z] [INFO] ========================================
[2026-08-29T10:15:05.748Z] [INFO] Resetting users with clean single-hashed passwords...
[2026-08-29T10:15:06.914Z] [INFO] Created 5 verified user accounts (Admin, Doctors, Staff, Pharmacist).
[2026-08-29T10:15:07.014Z] [INFO] Database seeding & sample consultation/pharmacy records verified.
[2026-08-29T10:15:07.030Z] [INFO] ==================================================
[2026-08-29T10:15:07.037Z] [INFO] MediKiosk Hospital Intake Server running on port 3000
[2026-08-29T10:15:07.051Z] [INFO] Kiosk URL:   http://localhost:3000/kiosk
[2026-08-29T10:15:07.068Z] [INFO] Staff Portal: http://localhost:3000/staff/dashboard
[2026-08-29T10:15:07.084Z] [INFO] Doctor Queue: http://localhost:3000/doctor/queue
[2026-08-29T10:15:07.101Z] [INFO] Admin Portal: http://localhost:3000/admin/dashboard
[2026-08-29T10:15:07.114Z] [INFO] Pharmacy:     http://localhost:3000/pharmacy
[2026-08-29T10:15:07.148Z] [INFO] ==================================================
[2026-08-29T10:16:12.006Z] [INFO] ========================================
[2026-08-29T10:16:12.008Z] [INFO] ✅ MongoDB Connected Successfully
[2026-08-29T10:16:12.009Z] [INFO] Host: ac-nec47jq-shard-00-00.71htlre.mongodb.net
[2026-08-29T10:16:12.009Z] [INFO] Database: medikiosk
[2026-08-29T10:16:12.010Z] [INFO] ========================================
[2026-08-29T10:16:12.951Z] [INFO] Resetting users with clean single-hashed passwords...
[2026-08-29T10:16:14.062Z] [INFO] Created 5 verified user accounts (Admin, Doctors, Staff, Pharmacist).
[2026-08-29T10:16:14.149Z] [INFO] Database seeding & sample consultation/pharmacy records verified.
[2026-08-29T10:16:14.165Z] [INFO] ==================================================
[2026-08-29T10:16:14.183Z] [INFO] MediKiosk Hospital Intake Server running on port 3000
[2026-08-29T10:16:14.191Z] [INFO] Kiosk URL:   http://localhost:3000/kiosk
[2026-08-29T10:16:14.197Z] [INFO] Staff Portal: http://localhost:3000/staff/dashboard
[2026-08-29T10:16:14.200Z] [INFO] Doctor Queue: http://localhost:3000/doctor/queue
[2026-08-29T10:16:14.210Z] [INFO] Admin Portal: http://localhost:3000/admin/dashboard
[2026-08-29T10:16:14.229Z] [INFO] Pharmacy:     http://localhost:3000/pharmacy
[2026-08-29T10:16:14.241Z] [INFO] ==================================================
[2026-08-29T10:16:40.529Z] [INFO] ========================================
[2026-08-29T10:16:40.531Z] [INFO] ✅ MongoDB Connected Successfully
[2026-08-29T10:16:40.534Z] [INFO] Host: ac-nec47jq-shard-00-00.71htlre.mongodb.net
[2026-08-29T10:16:40.535Z] [INFO] Database: medikiosk
[2026-08-29T10:16:40.540Z] [INFO] ========================================
[2026-08-29T10:16:41.493Z] [INFO] Resetting users with clean single-hashed passwords...
[2026-08-29T10:16:42.558Z] [INFO] Created 5 verified user accounts (Admin, Doctors, Staff, Pharmacist).
[2026-08-29T10:16:42.653Z] [INFO] Database seeding & sample consultation/pharmacy records verified.
[2026-08-29T10:16:42.663Z] [INFO] ==================================================
[2026-08-29T10:16:42.666Z] [INFO] MediKiosk Hospital Intake Server running on port 3000
[2026-08-29T10:16:42.672Z] [INFO] Kiosk URL:   http://localhost:3000/kiosk
[2026-08-29T10:16:42.688Z] [INFO] Staff Portal: http://localhost:3000/staff/dashboard
[2026-08-29T10:16:42.701Z] [INFO] Doctor Queue: http://localhost:3000/doctor/queue
[2026-08-29T10:16:42.711Z] [INFO] Admin Portal: http://localhost:3000/admin/dashboard
[2026-08-29T10:16:42.723Z] [INFO] Pharmacy:     http://localhost:3000/pharmacy
[2026-08-29T10:16:42.728Z] [INFO] ==================================================
[2026-08-29T10:20:09.374Z] [INFO] ========================================
[2026-08-29T10:20:09.376Z] [INFO] ✅ MongoDB Connected Successfully
[2026-08-29T10:20:09.377Z] [INFO] Host: ac-nec47jq-shard-00-00.71htlre.mongodb.net
[2026-08-29T10:20:09.377Z] [INFO] Database: medikiosk
[2026-08-29T10:20:09.378Z] [INFO] ========================================
[2026-08-29T10:20:10.243Z] [INFO] Resetting users with clean single-hashed passwords...
[2026-08-29T10:20:11.320Z] [INFO] Created 5 verified user accounts (Admin, Doctors, Staff, Pharmacist).
[2026-08-29T10:20:11.419Z] [INFO] Database seeding & sample consultation/pharmacy records verified.
[2026-08-29T10:20:11.445Z] [INFO] ==================================================
[2026-08-29T10:20:11.457Z] [INFO] MediKiosk Hospital Intake Server running on port 3000
[2026-08-29T10:20:11.462Z] [INFO] Kiosk URL:   http://localhost:3000/kiosk
[2026-08-29T10:20:11.469Z] [INFO] Staff Portal: http://localhost:3000/staff/dashboard
[2026-08-29T10:20:11.490Z] [INFO] Doctor Queue: http://localhost:3000/doctor/queue
[2026-08-29T10:20:11.507Z] [INFO] Admin Portal: http://localhost:3000/admin/dashboard
[2026-08-29T10:20:11.521Z] [INFO] Pharmacy:     http://localhost:3000/pharmacy
[2026-08-29T10:20:11.550Z] [INFO] ==================================================
[2026-08-29T10:20:31.619Z] [INFO] ========================================
[2026-08-29T10:20:31.620Z] [INFO] ✅ MongoDB Connected Successfully
[2026-08-29T10:20:31.621Z] [INFO] Host: ac-nec47jq-shard-00-01.71htlre.mongodb.net
[2026-08-29T10:20:31.621Z] [INFO] Database: medikiosk
[2026-08-29T10:20:31.622Z] [INFO] ========================================
[2026-08-29T10:20:32.323Z] [INFO] Resetting users with clean single-hashed passwords...
[2026-08-29T10:20:33.366Z] [INFO] Created 5 verified user accounts (Admin, Doctors, Staff, Pharmacist).
[2026-08-29T10:20:33.475Z] [INFO] Database seeding & sample consultation/pharmacy records verified.
[2026-08-29T10:20:33.500Z] [INFO] ==================================================
[2026-08-29T10:20:33.506Z] [INFO] MediKiosk Hospital Intake Server running on port 3000
[2026-08-29T10:20:33.516Z] [INFO] Kiosk URL:   http://localhost:3000/kiosk
[2026-08-29T10:20:33.527Z] [INFO] Staff Portal: http://localhost:3000/staff/dashboard
[2026-08-29T10:20:33.537Z] [INFO] Doctor Queue: http://localhost:3000/doctor/queue
[2026-08-29T10:20:33.544Z] [INFO] Admin Portal: http://localhost:3000/admin/dashboard
[2026-08-29T10:20:33.559Z] [INFO] Pharmacy:     http://localhost:3000/pharmacy
[2026-08-29T10:20:33.564Z] [INFO] ==================================================
[2026-08-29T10:21:35.861Z] [INFO] ========================================
[2026-08-29T10:21:35.863Z] [INFO] ✅ MongoDB Connected Successfully
[2026-08-29T10:21:35.864Z] [INFO] Host: ac-nec47jq-shard-00-01.71htlre.mongodb.net
[2026-08-29T10:21:35.864Z] [INFO] Database: medikiosk
[2026-08-29T10:21:35.865Z] [INFO] ========================================
[2026-08-29T10:21:36.836Z] [INFO] Resetting users with clean single-hashed passwords...
[2026-08-29T10:21:37.845Z] [INFO] Created 5 verified user accounts (Admin, Doctors, Staff, Pharmacist).
[2026-08-29T10:21:37.939Z] [INFO] Database seeding & sample consultation/pharmacy records verified.
[2026-08-29T10:21:37.949Z] [INFO] ==================================================
[2026-08-29T10:21:37.955Z] [INFO] MediKiosk Hospital Intake Server running on port 3000
[2026-08-29T10:21:37.971Z] [INFO] Kiosk URL:   http://localhost:3000/kiosk
[2026-08-29T10:21:37.987Z] [INFO] Staff Portal: http://localhost:3000/staff/dashboard
[2026-08-29T10:21:37.991Z] [INFO] Doctor Queue: http://localhost:3000/doctor/queue
[2026-08-29T10:21:38.003Z] [INFO] Admin Portal: http://localhost:3000/admin/dashboard
[2026-08-29T10:21:38.010Z] [INFO] Pharmacy:     http://localhost:3000/pharmacy
[2026-08-29T10:21:38.021Z] [INFO] ==================================================
[2026-08-29T10:22:46.055Z] [INFO] ========================================
[2026-08-29T10:22:46.058Z] [INFO] ✅ MongoDB Connected Successfully
[2026-08-29T10:22:46.063Z] [INFO] Host: ac-nec47jq-shard-00-00.71htlre.mongodb.net
[2026-08-29T10:22:46.066Z] [INFO] Database: medikiosk
[2026-08-29T10:22:46.070Z] [INFO] ========================================
[2026-08-29T10:22:47.105Z] [INFO] Resetting users with clean single-hashed passwords...
[2026-08-29T10:22:48.193Z] [INFO] Created 5 verified user accounts (Admin, Doctors, Staff, Pharmacist).
[2026-08-29T10:22:48.302Z] [INFO] Database seeding & sample consultation/pharmacy records verified.
[2026-08-29T10:22:48.341Z] [INFO] ==================================================
[2026-08-29T10:22:48.356Z] [INFO] MediKiosk Hospital Intake Server running on port 3000
[2026-08-29T10:22:48.363Z] [INFO] Kiosk URL:   http://localhost:3000/kiosk
[2026-08-29T10:22:48.371Z] [INFO] Staff Portal: http://localhost:3000/staff/dashboard
[2026-08-29T10:22:48.402Z] [INFO] Doctor Queue: http://localhost:3000/doctor/queue
[2026-08-29T10:22:48.420Z] [INFO] Admin Portal: http://localhost:3000/admin/dashboard
[2026-08-29T10:22:48.445Z] [INFO] Pharmacy:     http://localhost:3000/pharmacy
[2026-08-29T10:22:48.457Z] [INFO] ==================================================
[2026-08-29T10:23:04.276Z] [INFO] ========================================
[2026-08-29T10:23:04.278Z] [INFO] ✅ MongoDB Connected Successfully
[2026-08-29T10:23:04.279Z] [INFO] Host: ac-nec47jq-shard-00-02.71htlre.mongodb.net
[2026-08-29T10:23:04.280Z] [INFO] Database: medikiosk
[2026-08-29T10:23:04.281Z] [INFO] ========================================
[2026-08-29T10:23:05.294Z] [INFO] Resetting users with clean single-hashed passwords...
[2026-08-29T10:23:06.463Z] [INFO] Created 5 verified user accounts (Admin, Doctors, Staff, Pharmacist).
[2026-08-29T10:23:06.559Z] [INFO] Database seeding & sample consultation/pharmacy records verified.
[2026-08-29T10:23:06.572Z] [INFO] ==================================================
[2026-08-29T10:23:06.577Z] [INFO] MediKiosk Hospital Intake Server running on port 3000
[2026-08-29T10:23:06.592Z] [INFO] Kiosk URL:   http://localhost:3000/kiosk
[2026-08-29T10:23:06.596Z] [INFO] Staff Portal: http://localhost:3000/staff/dashboard
[2026-08-29T10:23:06.610Z] [INFO] Doctor Queue: http://localhost:3000/doctor/queue
[2026-08-29T10:23:06.616Z] [INFO] Admin Portal: http://localhost:3000/admin/dashboard
[2026-08-29T10:23:06.631Z] [INFO] Pharmacy:     http://localhost:3000/pharmacy
[2026-08-29T10:23:06.640Z] [INFO] ==================================================
[2026-08-29T10:23:12.107Z] [INFO] ========================================
[2026-08-29T10:23:12.109Z] [INFO] ✅ MongoDB Connected Successfully
[2026-08-29T10:23:12.111Z] [INFO] Host: ac-nec47jq-shard-00-02.71htlre.mongodb.net
[2026-08-29T10:23:12.113Z] [INFO] Database: medikiosk
[2026-08-29T10:23:12.116Z] [INFO] ========================================
[2026-08-29T10:23:13.081Z] [INFO] Resetting users with clean single-hashed passwords...
[2026-08-29T10:23:14.293Z] [INFO] Created 5 verified user accounts (Admin, Doctors, Staff, Pharmacist).
[2026-08-29T10:23:14.375Z] [INFO] Database seeding & sample consultation/pharmacy records verified.
[2026-08-29T10:23:14.397Z] [INFO] ==================================================
[2026-08-29T10:23:14.419Z] [INFO] MediKiosk Hospital Intake Server running on port 3000
[2026-08-29T10:23:14.421Z] [INFO] Kiosk URL:   http://localhost:3000/kiosk
[2026-08-29T10:23:14.426Z] [INFO] Staff Portal: http://localhost:3000/staff/dashboard
[2026-08-29T10:23:14.433Z] [INFO] Doctor Queue: http://localhost:3000/doctor/queue
[2026-08-29T10:23:14.443Z] [INFO] Admin Portal: http://localhost:3000/admin/dashboard
[2026-08-29T10:23:14.456Z] [INFO] Pharmacy:     http://localhost:3000/pharmacy
[2026-08-29T10:23:14.466Z] [INFO] ==================================================
[2026-08-29T10:23:38.016Z] [INFO] ========================================
[2026-08-29T10:23:38.019Z] [INFO] ✅ MongoDB Connected Successfully
[2026-08-29T10:23:38.022Z] [INFO] Host: ac-nec47jq-shard-00-02.71htlre.mongodb.net
[2026-08-29T10:23:38.027Z] [INFO] Database: medikiosk
[2026-08-29T10:23:38.029Z] [INFO] ========================================
[2026-08-29T10:23:38.982Z] [INFO] Resetting users with clean single-hashed passwords...
[2026-08-29T10:23:39.975Z] [INFO] Created 5 verified user accounts (Admin, Doctors, Staff, Pharmacist).
[2026-08-29T10:23:40.070Z] [INFO] Database seeding & sample consultation/pharmacy records verified.
[2026-08-29T10:23:40.090Z] [INFO] ==================================================
[2026-08-29T10:23:40.094Z] [INFO] MediKiosk Hospital Intake Server running on port 3000
[2026-08-29T10:23:40.097Z] [INFO] Kiosk URL:   http://localhost:3000/kiosk
[2026-08-29T10:23:40.119Z] [INFO] Staff Portal: http://localhost:3000/staff/dashboard
[2026-08-29T10:23:40.128Z] [INFO] Doctor Queue: http://localhost:3000/doctor/queue
[2026-08-29T10:23:40.130Z] [INFO] Admin Portal: http://localhost:3000/admin/dashboard
[2026-08-29T10:23:40.135Z] [INFO] Pharmacy:     http://localhost:3000/pharmacy
[2026-08-29T10:23:40.138Z] [INFO] ==================================================
[2026-08-29T10:23:53.485Z] [INFO] ========================================
[2026-08-29T10:23:53.488Z] [INFO] ✅ MongoDB Connected Successfully
[2026-08-29T10:23:53.489Z] [INFO] Host: ac-nec47jq-shard-00-02.71htlre.mongodb.net
[2026-08-29T10:23:53.490Z] [INFO] Database: medikiosk
[2026-08-29T10:23:53.493Z] [INFO] ========================================
[2026-08-29T10:23:54.494Z] [INFO] Resetting users with clean single-hashed passwords...
[2026-08-29T10:23:55.517Z] [INFO] Created 5 verified user accounts (Admin, Doctors, Staff, Pharmacist).
[2026-08-29T10:23:55.606Z] [INFO] Database seeding & sample consultation/pharmacy records verified.
[2026-08-29T10:23:55.621Z] [INFO] ==================================================
[2026-08-29T10:23:55.628Z] [INFO] MediKiosk Hospital Intake Server running on port 3000
[2026-08-29T10:23:55.644Z] [INFO] Kiosk URL:   http://localhost:3000/kiosk
[2026-08-29T10:23:55.649Z] [INFO] Staff Portal: http://localhost:3000/staff/dashboard
[2026-08-29T10:23:55.652Z] [INFO] Doctor Queue: http://localhost:3000/doctor/queue
[2026-08-29T10:23:55.665Z] [INFO] Admin Portal: http://localhost:3000/admin/dashboard
[2026-08-29T10:23:55.681Z] [INFO] Pharmacy:     http://localhost:3000/pharmacy
[2026-08-29T10:23:55.698Z] [INFO] ==================================================
[2026-08-29T10:24:09.643Z] [INFO] ========================================
[2026-08-29T10:24:09.644Z] [INFO] ✅ MongoDB Connected Successfully
[2026-08-29T10:24:09.645Z] [INFO] Host: ac-nec47jq-shard-00-01.71htlre.mongodb.net
[2026-08-29T10:24:09.646Z] [INFO] Database: medikiosk
[2026-08-29T10:24:09.648Z] [INFO] ========================================
[2026-08-29T10:24:10.619Z] [INFO] Resetting users with clean single-hashed passwords...
[2026-08-29T10:24:11.495Z] [INFO] Created 5 verified user accounts (Admin, Doctors, Staff, Pharmacist).
[2026-08-29T10:24:11.574Z] [INFO] Database seeding & sample consultation/pharmacy records verified.
[2026-08-29T10:24:11.578Z] [INFO] ==================================================
[2026-08-29T10:24:11.579Z] [INFO] MediKiosk Hospital Intake Server running on port 3000
[2026-08-29T10:24:11.580Z] [INFO] Kiosk URL:   http://localhost:3000/kiosk
[2026-08-29T10:24:11.580Z] [INFO] Staff Portal: http://localhost:3000/staff/dashboard
[2026-08-29T10:24:11.581Z] [INFO] Doctor Queue: http://localhost:3000/doctor/queue
[2026-08-29T10:24:11.581Z] [INFO] Admin Portal: http://localhost:3000/admin/dashboard
[2026-08-29T10:24:11.582Z] [INFO] Pharmacy:     http://localhost:3000/pharmacy
[2026-08-29T10:24:11.583Z] [INFO] ==================================================
[2026-08-29T10:26:01.655Z] [INFO] ========================================
[2026-08-29T10:26:01.657Z] [INFO] ✅ MongoDB Connected Successfully
[2026-08-29T10:26:01.658Z] [INFO] Host: ac-nec47jq-shard-00-02.71htlre.mongodb.net
[2026-08-29T10:26:01.659Z] [INFO] Database: medikiosk
[2026-08-29T10:26:01.660Z] [INFO] ========================================
[2026-08-29T10:26:02.194Z] [INFO] Resetting users with clean single-hashed passwords...
[2026-08-29T10:26:03.071Z] [INFO] Created 5 verified user accounts (Admin, Doctors, Staff, Pharmacist).
[2026-08-29T10:26:03.157Z] [INFO] Database seeding & sample consultation/pharmacy records verified.
[2026-08-29T10:26:03.167Z] [INFO] ==================================================
[2026-08-29T10:26:03.168Z] [INFO] MediKiosk Hospital Intake Server running on port 3000
[2026-08-29T10:26:03.170Z] [INFO] Kiosk URL:   http://localhost:3000/kiosk
[2026-08-29T10:26:03.171Z] [INFO] Staff Portal: http://localhost:3000/staff/dashboard
[2026-08-29T10:26:03.172Z] [INFO] Doctor Queue: http://localhost:3000/doctor/queue
[2026-08-29T10:26:03.173Z] [INFO] Admin Portal: http://localhost:3000/admin/dashboard
[2026-08-29T10:26:03.175Z] [INFO] Pharmacy:     http://localhost:3000/pharmacy
[2026-08-29T10:26:03.177Z] [INFO] ==================================================
[2026-08-29T10:26:36.311Z] [INFO] ========================================
[2026-08-29T10:26:36.313Z] [INFO] ✅ MongoDB Connected Successfully
[2026-08-29T10:26:36.314Z] [INFO] Host: ac-nec47jq-shard-00-00.71htlre.mongodb.net
[2026-08-29T10:26:36.315Z] [INFO] Database: medikiosk
[2026-08-29T10:26:36.315Z] [INFO] ========================================
[2026-08-29T10:26:37.252Z] [INFO] Resetting users with clean single-hashed passwords...
[2026-08-29T10:26:38.112Z] [INFO] Created 5 verified user accounts (Admin, Doctors, Staff, Pharmacist).
[2026-08-29T10:26:38.215Z] [INFO] Database seeding & sample consultation/pharmacy records verified.
[2026-08-29T10:26:38.226Z] [INFO] ==================================================
[2026-08-29T10:26:38.229Z] [INFO] MediKiosk Hospital Intake Server running on port 3000
[2026-08-29T10:26:38.239Z] [INFO] Kiosk URL:   http://localhost:3000/kiosk
[2026-08-29T10:26:38.251Z] [INFO] Staff Portal: http://localhost:3000/staff/dashboard
[2026-08-29T10:26:38.268Z] [INFO] Doctor Queue: http://localhost:3000/doctor/queue
[2026-08-29T10:26:38.276Z] [INFO] Admin Portal: http://localhost:3000/admin/dashboard
[2026-08-29T10:26:38.285Z] [INFO] Pharmacy:     http://localhost:3000/pharmacy
[2026-08-29T10:26:38.303Z] [INFO] ==================================================
[2026-08-29T10:29:15.225Z] [INFO] ========================================
[2026-08-29T10:29:15.226Z] [INFO] ✅ MongoDB Connected Successfully
[2026-08-29T10:29:15.227Z] [INFO] Host: ac-nec47jq-shard-00-01.71htlre.mongodb.net
[2026-08-29T10:29:15.228Z] [INFO] Database: medikiosk
[2026-08-29T10:29:15.228Z] [INFO] ========================================
[2026-08-29T10:29:15.734Z] [INFO] Resetting users with clean single-hashed passwords...
[2026-08-29T10:29:16.765Z] [INFO] Created 5 verified user accounts (Admin, Doctors, Staff, Pharmacist).
[2026-08-29T10:29:16.843Z] [INFO] Database seeding & sample consultation/pharmacy records verified.
[2026-08-29T10:29:16.862Z] [INFO] ==================================================
[2026-08-29T10:29:16.871Z] [INFO] MediKiosk Hospital Intake Server running on port 3000
[2026-08-29T10:29:16.892Z] [INFO] Kiosk URL:   http://localhost:3000/kiosk
[2026-08-29T10:29:16.905Z] [INFO] Staff Portal: http://localhost:3000/staff/dashboard
[2026-08-29T10:29:16.910Z] [INFO] Doctor Queue: http://localhost:3000/doctor/queue
[2026-08-29T10:29:16.914Z] [INFO] Admin Portal: http://localhost:3000/admin/dashboard
[2026-08-29T10:29:16.928Z] [INFO] Pharmacy:     http://localhost:3000/pharmacy
[2026-08-29T10:29:16.933Z] [INFO] ==================================================
[2026-08-29T10:30:28.666Z] [INFO] ========================================
[2026-08-29T10:30:28.667Z] [INFO] ✅ MongoDB Connected Successfully
[2026-08-29T10:30:28.668Z] [INFO] Host: ac-nec47jq-shard-00-00.71htlre.mongodb.net
[2026-08-29T10:30:28.669Z] [INFO] Database: medikiosk
[2026-08-29T10:30:28.669Z] [INFO] ========================================
[2026-08-29T10:30:29.632Z] [INFO] Resetting users with clean single-hashed passwords...
[2026-08-29T10:30:30.825Z] [INFO] Created 5 verified user accounts (Admin, Doctors, Staff, Pharmacist).
[2026-08-29T10:30:30.945Z] [INFO] Database seeding & sample consultation/pharmacy records verified.
[2026-08-29T10:30:30.960Z] [INFO] ==================================================
[2026-08-29T10:30:30.967Z] [INFO] MediKiosk Hospital Intake Server running on port 3000
[2026-08-29T10:30:30.972Z] [INFO] Kiosk URL:   http://localhost:3000/kiosk
[2026-08-29T10:30:30.988Z] [INFO] Staff Portal: http://localhost:3000/staff/dashboard
[2026-08-29T10:30:31.000Z] [INFO] Doctor Queue: http://localhost:3000/doctor/queue
[2026-08-29T10:30:31.025Z] [INFO] Admin Portal: http://localhost:3000/admin/dashboard
[2026-08-29T10:30:31.035Z] [INFO] Pharmacy:     http://localhost:3000/pharmacy
[2026-08-29T10:30:31.039Z] [INFO] ==================================================
[2026-08-29T10:31:37.590Z] [INFO] ========================================
[2026-08-29T10:31:37.592Z] [INFO] ✅ MongoDB Connected Successfully
[2026-08-29T10:31:37.594Z] [INFO] Host: ac-nec47jq-shard-00-02.71htlre.mongodb.net
[2026-08-29T10:31:37.595Z] [INFO] Database: medikiosk
[2026-08-29T10:31:37.597Z] [INFO] ========================================
[2026-08-29T10:31:38.604Z] [INFO] Resetting users with clean single-hashed passwords...
[2026-08-29T10:31:39.689Z] [INFO] Created 5 verified user accounts (Admin, Doctors, Staff, Pharmacist).
[2026-08-29T10:31:39.774Z] [INFO] Database seeding & sample consultation/pharmacy records verified.
[2026-08-29T10:31:39.801Z] [INFO] ==================================================
[2026-08-29T10:31:39.817Z] [INFO] MediKiosk Hospital Intake Server running on port 3000
[2026-08-29T10:31:39.833Z] [INFO] Kiosk URL:   http://localhost:3000/kiosk
[2026-08-29T10:31:39.838Z] [INFO] Staff Portal: http://localhost:3000/staff/dashboard
[2026-08-29T10:31:39.844Z] [INFO] Doctor Queue: http://localhost:3000/doctor/queue
[2026-08-29T10:31:39.855Z] [INFO] Admin Portal: http://localhost:3000/admin/dashboard
[2026-08-29T10:31:39.873Z] [INFO] Pharmacy:     http://localhost:3000/pharmacy
[2026-08-29T10:31:39.880Z] [INFO] ==================================================
[2026-08-29T10:31:56.915Z] [INFO] ========================================
[2026-08-29T10:31:56.918Z] [INFO] ✅ MongoDB Connected Successfully
[2026-08-29T10:31:56.919Z] [INFO] Host: ac-nec47jq-shard-00-02.71htlre.mongodb.net
[2026-08-29T10:31:56.922Z] [INFO] Database: medikiosk
[2026-08-29T10:31:56.928Z] [INFO] ========================================
[2026-08-29T10:31:57.859Z] [INFO] Resetting users with clean single-hashed passwords...
[2026-08-29T10:31:58.898Z] [INFO] Created 5 verified user accounts (Admin, Doctors, Staff, Pharmacist).
[2026-08-29T10:31:58.989Z] [INFO] Database seeding & sample consultation/pharmacy records verified.
[2026-08-29T10:31:59.026Z] [INFO] ==================================================
[2026-08-29T10:31:59.032Z] [INFO] MediKiosk Hospital Intake Server running on port 3000
[2026-08-29T10:31:59.035Z] [INFO] Kiosk URL:   http://localhost:3000/kiosk
[2026-08-29T10:31:59.041Z] [INFO] Staff Portal: http://localhost:3000/staff/dashboard
[2026-08-29T10:31:59.057Z] [INFO] Doctor Queue: http://localhost:3000/doctor/queue
[2026-08-29T10:31:59.069Z] [INFO] Admin Portal: http://localhost:3000/admin/dashboard
[2026-08-29T10:31:59.081Z] [INFO] Pharmacy:     http://localhost:3000/pharmacy
[2026-08-29T10:31:59.095Z] [INFO] ==================================================
[2026-08-29T10:32:10.827Z] [INFO] ========================================
[2026-08-29T10:32:10.829Z] [INFO] ✅ MongoDB Connected Successfully
[2026-08-29T10:32:10.832Z] [INFO] Host: ac-nec47jq-shard-00-00.71htlre.mongodb.net
[2026-08-29T10:32:10.833Z] [INFO] Database: medikiosk
[2026-08-29T10:32:10.836Z] [INFO] ========================================
[2026-08-29T10:32:11.896Z] [INFO] Resetting users with clean single-hashed passwords...
[2026-08-29T10:32:13.153Z] [INFO] Created 5 verified user accounts (Admin, Doctors, Staff, Pharmacist).
[2026-08-29T10:32:13.240Z] [INFO] Database seeding & sample consultation/pharmacy records verified.
[2026-08-29T10:32:13.250Z] [INFO] ==================================================
[2026-08-29T10:32:13.254Z] [INFO] MediKiosk Hospital Intake Server running on port 3000
[2026-08-29T10:32:13.257Z] [INFO] Kiosk URL:   http://localhost:3000/kiosk
[2026-08-29T10:32:13.258Z] [INFO] Staff Portal: http://localhost:3000/staff/dashboard
[2026-08-29T10:32:13.261Z] [INFO] Doctor Queue: http://localhost:3000/doctor/queue
[2026-08-29T10:32:13.269Z] [INFO] Admin Portal: http://localhost:3000/admin/dashboard
[2026-08-29T10:32:13.276Z] [INFO] Pharmacy:     http://localhost:3000/pharmacy
[2026-08-29T10:32:13.287Z] [INFO] ==================================================
[2026-08-29T10:32:28.968Z] [INFO] ========================================
[2026-08-29T10:32:28.970Z] [INFO] ✅ MongoDB Connected Successfully
[2026-08-29T10:32:28.971Z] [INFO] Host: ac-nec47jq-shard-00-02.71htlre.mongodb.net
[2026-08-29T10:32:28.972Z] [INFO] Database: medikiosk
[2026-08-29T10:32:28.973Z] [INFO] ========================================
[2026-08-29T10:32:29.912Z] [INFO] Resetting users with clean single-hashed passwords...
[2026-08-29T10:32:30.951Z] [INFO] Created 5 verified user accounts (Admin, Doctors, Staff, Pharmacist).
[2026-08-29T10:32:31.047Z] [INFO] Database seeding & sample consultation/pharmacy records verified.
[2026-08-29T10:32:31.056Z] [INFO] ==================================================
[2026-08-29T10:32:31.060Z] [INFO] MediKiosk Hospital Intake Server running on port 3000
[2026-08-29T10:32:31.069Z] [INFO] Kiosk URL:   http://localhost:3000/kiosk
[2026-08-29T10:32:31.081Z] [INFO] Staff Portal: http://localhost:3000/staff/dashboard
[2026-08-29T10:32:31.103Z] [INFO] Doctor Queue: http://localhost:3000/doctor/queue
[2026-08-29T10:32:31.107Z] [INFO] Admin Portal: http://localhost:3000/admin/dashboard
[2026-08-29T10:32:31.124Z] [INFO] Pharmacy:     http://localhost:3000/pharmacy
[2026-08-29T10:32:31.141Z] [INFO] ==================================================
[2026-08-29T10:33:09.793Z] [INFO] ========================================
[2026-08-29T10:33:09.795Z] [INFO] ✅ MongoDB Connected Successfully
[2026-08-29T10:33:09.796Z] [INFO] Host: ac-nec47jq-shard-00-02.71htlre.mongodb.net
[2026-08-29T10:33:09.796Z] [INFO] Database: medikiosk
[2026-08-29T10:33:09.796Z] [INFO] ========================================
[2026-08-29T10:33:10.820Z] [INFO] Resetting users with clean single-hashed passwords...
[2026-08-29T10:33:11.866Z] [INFO] Created 5 verified user accounts (Admin, Doctors, Staff, Pharmacist).
[2026-08-29T10:33:11.973Z] [INFO] Database seeding & sample consultation/pharmacy records verified.
[2026-08-29T10:33:11.982Z] [INFO] ==================================================
[2026-08-29T10:33:11.991Z] [INFO] MediKiosk Hospital Intake Server running on port 3000
[2026-08-29T10:33:12.011Z] [INFO] Kiosk URL:   http://localhost:3000/kiosk
[2026-08-29T10:33:12.020Z] [INFO] Staff Portal: http://localhost:3000/staff/dashboard
[2026-08-29T10:33:12.041Z] [INFO] Doctor Queue: http://localhost:3000/doctor/queue
[2026-08-29T10:33:12.059Z] [INFO] Admin Portal: http://localhost:3000/admin/dashboard
[2026-08-29T10:33:12.067Z] [INFO] Pharmacy:     http://localhost:3000/pharmacy
[2026-08-29T10:33:12.080Z] [INFO] ==================================================
[2026-08-29T10:33:39.142Z] [INFO] ========================================
[2026-08-29T10:33:39.143Z] [INFO] ✅ MongoDB Connected Successfully
[2026-08-29T10:33:39.143Z] [INFO] Host: ac-nec47jq-shard-00-02.71htlre.mongodb.net
[2026-08-29T10:33:39.144Z] [INFO] Database: medikiosk
[2026-08-29T10:33:39.145Z] [INFO] ========================================
[2026-08-29T10:33:40.208Z] [INFO] Resetting users with clean single-hashed passwords...
[2026-08-29T10:33:41.254Z] [INFO] Created 5 verified user accounts (Admin, Doctors, Staff, Pharmacist).
[2026-08-29T10:33:41.354Z] [INFO] Database seeding & sample consultation/pharmacy records verified.
[2026-08-29T10:33:41.375Z] [INFO] ==================================================
[2026-08-29T10:33:41.378Z] [INFO] MediKiosk Hospital Intake Server running on port 3000
[2026-08-29T10:33:41.395Z] [INFO] Kiosk URL:   http://localhost:3000/kiosk
[2026-08-29T10:33:41.414Z] [INFO] Staff Portal: http://localhost:3000/staff/dashboard
[2026-08-29T10:33:41.422Z] [INFO] Doctor Queue: http://localhost:3000/doctor/queue
[2026-08-29T10:33:41.432Z] [INFO] Admin Portal: http://localhost:3000/admin/dashboard
[2026-08-29T10:33:41.441Z] [INFO] Pharmacy:     http://localhost:3000/pharmacy
[2026-08-29T10:33:41.453Z] [INFO] ==================================================
[2026-08-29T10:34:13.443Z] [INFO] ========================================
[2026-08-29T10:34:13.444Z] [INFO] ✅ MongoDB Connected Successfully
[2026-08-29T10:34:13.445Z] [INFO] Host: ac-nec47jq-shard-00-02.71htlre.mongodb.net
[2026-08-29T10:34:13.446Z] [INFO] Database: medikiosk
[2026-08-29T10:34:13.446Z] [INFO] ========================================
[2026-08-29T10:34:14.446Z] [INFO] Resetting users with clean single-hashed passwords...
[2026-08-29T10:34:15.602Z] [INFO] Created 5 verified user accounts (Admin, Doctors, Staff, Pharmacist).
[2026-08-29T10:34:15.691Z] [INFO] Database seeding & sample consultation/pharmacy records verified.
[2026-08-29T10:34:15.720Z] [INFO] ==================================================
[2026-08-29T10:34:15.731Z] [INFO] MediKiosk Hospital Intake Server running on port 3000
[2026-08-29T10:34:15.734Z] [INFO] Kiosk URL:   http://localhost:3000/kiosk
[2026-08-29T10:34:15.739Z] [INFO] Staff Portal: http://localhost:3000/staff/dashboard
[2026-08-29T10:34:15.741Z] [INFO] Doctor Queue: http://localhost:3000/doctor/queue
[2026-08-29T10:34:15.743Z] [INFO] Admin Portal: http://localhost:3000/admin/dashboard
[2026-08-29T10:34:15.759Z] [INFO] Pharmacy:     http://localhost:3000/pharmacy
[2026-08-29T10:34:15.771Z] [INFO] ==================================================
[2026-08-29T10:34:48.320Z] [INFO] ========================================
[2026-08-29T10:34:48.322Z] [INFO] ✅ MongoDB Connected Successfully
[2026-08-29T10:34:48.323Z] [INFO] Host: ac-nec47jq-shard-00-01.71htlre.mongodb.net
[2026-08-29T10:34:48.324Z] [INFO] Database: medikiosk
[2026-08-29T10:34:48.325Z] [INFO] ========================================
[2026-08-29T10:34:48.845Z] [INFO] Resetting users with clean single-hashed passwords...
[2026-08-29T10:34:49.800Z] [INFO] Created 5 verified user accounts (Admin, Doctors, Staff, Pharmacist).
[2026-08-29T10:34:49.885Z] [INFO] Database seeding & sample consultation/pharmacy records verified.
[2026-08-29T10:34:49.935Z] [INFO] ==================================================
[2026-08-29T10:34:49.940Z] [INFO] MediKiosk Hospital Intake Server running on port 3000
[2026-08-29T10:34:49.952Z] [INFO] Kiosk URL:   http://localhost:3000/kiosk
[2026-08-29T10:34:49.965Z] [INFO] Staff Portal: http://localhost:3000/staff/dashboard
[2026-08-29T10:34:49.994Z] [INFO] Doctor Queue: http://localhost:3000/doctor/queue
[2026-08-29T10:34:50.031Z] [INFO] Admin Portal: http://localhost:3000/admin/dashboard
[2026-08-29T10:34:50.043Z] [INFO] Pharmacy:     http://localhost:3000/pharmacy
[2026-08-29T10:34:50.066Z] [INFO] ==================================================
[2026-08-29T10:35:26.527Z] [INFO] ========================================
[2026-08-29T10:35:26.527Z] [INFO] ✅ MongoDB Connected Successfully
[2026-08-29T10:35:26.528Z] [INFO] Host: ac-nec47jq-shard-00-00.71htlre.mongodb.net
[2026-08-29T10:35:26.528Z] [INFO] Database: medikiosk
[2026-08-29T10:35:26.529Z] [INFO] ========================================
[2026-08-29T10:35:27.495Z] [INFO] Resetting users with clean single-hashed passwords...
[2026-08-29T10:35:28.567Z] [INFO] Created 5 verified user accounts (Admin, Doctors, Staff, Pharmacist).
[2026-08-29T10:35:28.669Z] [INFO] Database seeding & sample consultation/pharmacy records verified.
[2026-08-29T10:35:28.731Z] [INFO] ==================================================
[2026-08-29T10:35:28.745Z] [INFO] MediKiosk Hospital Intake Server running on port 3000
[2026-08-29T10:35:28.781Z] [INFO] Kiosk URL:   http://localhost:3000/kiosk
[2026-08-29T10:35:28.818Z] [INFO] Staff Portal: http://localhost:3000/staff/dashboard
[2026-08-29T10:35:28.839Z] [INFO] Doctor Queue: http://localhost:3000/doctor/queue
[2026-08-29T10:35:28.847Z] [INFO] Admin Portal: http://localhost:3000/admin/dashboard
[2026-08-29T10:35:28.850Z] [INFO] Pharmacy:     http://localhost:3000/pharmacy
[2026-08-29T10:35:28.863Z] [INFO] ==================================================
[2026-08-29T10:36:35.347Z] [INFO] ========================================
[2026-08-29T10:36:35.348Z] [INFO] ✅ MongoDB Connected Successfully
[2026-08-29T10:36:35.349Z] [INFO] Host: ac-nec47jq-shard-00-02.71htlre.mongodb.net
[2026-08-29T10:36:35.349Z] [INFO] Database: medikiosk
[2026-08-29T10:36:35.350Z] [INFO] ========================================
[2026-08-29T10:36:35.874Z] [INFO] Resetting users with clean single-hashed passwords...
[2026-08-29T10:36:36.863Z] [INFO] Created 5 verified user accounts (Admin, Doctors, Staff, Pharmacist).
[2026-08-29T10:36:36.965Z] [INFO] Database seeding & sample consultation/pharmacy records verified.
[2026-08-29T10:36:36.995Z] [INFO] ==================================================
[2026-08-29T10:36:37.000Z] [INFO] MediKiosk Hospital Intake Server running on port 3000
[2026-08-29T10:36:37.009Z] [INFO] Kiosk URL:   http://localhost:3000/kiosk
[2026-08-29T10:36:37.026Z] [INFO] Staff Portal: http://localhost:3000/staff/dashboard
[2026-08-29T10:36:37.044Z] [INFO] Doctor Queue: http://localhost:3000/doctor/queue
[2026-08-29T10:36:37.050Z] [INFO] Admin Portal: http://localhost:3000/admin/dashboard
[2026-08-29T10:36:37.064Z] [INFO] Pharmacy:     http://localhost:3000/pharmacy
[2026-08-29T10:36:37.076Z] [INFO] ==================================================
[2026-08-29T10:38:03.781Z] [INFO] ========================================
[2026-08-29T10:38:03.782Z] [INFO] ✅ MongoDB Connected Successfully
[2026-08-29T10:38:03.783Z] [INFO] Host: ac-nec47jq-shard-00-02.71htlre.mongodb.net
[2026-08-29T10:38:03.784Z] [INFO] Database: medikiosk
[2026-08-29T10:38:03.784Z] [INFO] ========================================
[2026-08-29T10:38:04.880Z] [INFO] Resetting users with clean single-hashed passwords...
[2026-08-29T10:38:05.968Z] [INFO] Created 5 verified user accounts (Admin, Doctors, Staff, Pharmacist).
[2026-08-29T10:38:06.045Z] [INFO] Database seeding & sample consultation/pharmacy records verified.
[2026-08-29T10:38:06.058Z] [INFO] ==================================================
[2026-08-29T10:38:06.074Z] [INFO] MediKiosk Hospital Intake Server running on port 3000
[2026-08-29T10:38:06.085Z] [INFO] Kiosk URL:   http://localhost:3000/kiosk
[2026-08-29T10:38:06.088Z] [INFO] Staff Portal: http://localhost:3000/staff/dashboard
[2026-08-29T10:38:06.105Z] [INFO] Doctor Queue: http://localhost:3000/doctor/queue
[2026-08-29T10:38:06.120Z] [INFO] Admin Portal: http://localhost:3000/admin/dashboard
[2026-08-29T10:38:06.123Z] [INFO] Pharmacy:     http://localhost:3000/pharmacy
[2026-08-29T10:38:06.129Z] [INFO] ==================================================
[2026-08-29T10:38:24.599Z] [INFO] ========================================
[2026-08-29T10:38:24.601Z] [INFO] ✅ MongoDB Connected Successfully
[2026-08-29T10:38:24.601Z] [INFO] Host: ac-nec47jq-shard-00-02.71htlre.mongodb.net
[2026-08-29T10:38:24.601Z] [INFO] Database: medikiosk
[2026-08-29T10:38:24.602Z] [INFO] ========================================
[2026-08-29T10:38:25.582Z] [INFO] Resetting users with clean single-hashed passwords...
[2026-08-29T10:38:26.632Z] [INFO] Created 5 verified user accounts (Admin, Doctors, Staff, Pharmacist).
[2026-08-29T10:38:26.740Z] [INFO] Database seeding & sample consultation/pharmacy records verified.
[2026-08-29T10:38:26.751Z] [INFO] ==================================================
[2026-08-29T10:38:26.755Z] [INFO] MediKiosk Hospital Intake Server running on port 3000
[2026-08-29T10:38:26.773Z] [INFO] Kiosk URL:   http://localhost:3000/kiosk
[2026-08-29T10:38:26.789Z] [INFO] Staff Portal: http://localhost:3000/staff/dashboard
[2026-08-29T10:38:26.804Z] [INFO] Doctor Queue: http://localhost:3000/doctor/queue
[2026-08-29T10:38:26.829Z] [INFO] Admin Portal: http://localhost:3000/admin/dashboard
[2026-08-29T10:38:26.874Z] [INFO] Pharmacy:     http://localhost:3000/pharmacy
[2026-08-29T10:38:26.898Z] [INFO] ==================================================
